# seed	chunkX	chunkZ	stage	sha256 (doubles little-endian IEEE754; blocks Beta IDs x,z,y)
0	0	0	temperature	db69f3decae13391fc6d32faaf31959c744fb451db905999aca7bbb554c36346
0	0	0	humidity	39c66b0e64268b174f6ea45c344624f2b06740b81ec50d43d6e6d81a04ea723c
0	0	0	biomes	e0c1f4455783b6b2f152b526c2a73dab0f5c3812b6300ee12913371616f65034
0	0	0	scale	a8f1e1a47c1dfee59e625eef63e883125fd9f800be6d3300c675afbc14d3f3b9
0	0	0	depth	6bd542a2416fb06926eddf15dbe82fd50fb29db511285c41f53da2ac8131f8b1
0	0	0	selector	ed327e9723bde87baf5d83a716dd5fee69ac4ef8a979fd3a257634bee9b2ab6a
0	0	0	min	7c2bdc0b472b8603269534e64791f573b686171b445c79b7efe1e1694399e781
0	0	0	max	27b6e7848c0204ed62447c9903b1b25d6544dd0b2e844e8430366a3c885a5240
0	0	0	density	2540b42bf3d675f9721a8b52066249594c81436d9fb34e6467dc71881666a383
0	0	0	treeCount	f1de6da7c19843184baaa1b7a04350e8e8eedc30e88d6db27f2bd6a69fad8dd4
0	0	0	random	3400215af85baab2db46a32154fca0fb6ba8c6f720017558485aa1e08e23da5c
0	0	0	seedParsing	789b4f031bba371d0daff84da0d2fe18919282c7609b92178c593f2a2b351172
0	0	0	coordinateMapping	23ff23c4a3a736d2c33ae3c0655e8328ddf6c0880e8443e16e4868e411d90127
0	0	0	raw	60fcb87c1918d5586d5d88806e97c5f1dbca5624c21ac7a88a97a1f309c0e885
0	0	0	sand	5a9afba9fea39b1de9b4fd9834a1f399c496e3a016a4566134f196290f186e2f
0	0	0	gravel	3c9d940779b53cb5d2805fdfe8fc410cc88bb92a8a09bb794fcd3234ca253e64
0	0	0	stoneDepth	badce7fecd327f2a707b10d50f5658a19f4f9367ae0259cd291e2e5be2cb9fab
0	0	0	surface	f3012aa4577f527dabe501675e98a292e5eadba8ed4611ea1a23286a6951ae61
0	0	0	caves	f3012aa4577f527dabe501675e98a292e5eadba8ed4611ea1a23286a6951ae61
0	1	-1	temperature	85c25cf20825f7c2f1e87f14783a60be9a0911c263bf9b6bd98ba3df65b73404
0	1	-1	humidity	46150e6716ab5d62fd242c9a4790cba3e51e49352f63b23ac444f42fbe9b55d5
0	1	-1	biomes	e8d0c9999bd52b2d9a1ae05b764b11d4bf74b9b7bf593d73ecb15c38452951a7
0	1	-1	scale	412c1f59d2be664b127ea0a2105ee8f5d95726088f3e750f69b48fccb1624f89
0	1	-1	depth	d91749a0dda937ef752a6caf4438a5cb01ebb5f824ed89b2df4b46533a732fb1
0	1	-1	selector	89969ed347cfb791ee2745775e3c7ba705dffc5cd3f50cfd51dfe493753992f3
0	1	-1	min	1b0b165e4373437e7914accdbda8864536ed404a310ef8c921be9b55c635c1db
0	1	-1	max	dee7b5e5a074a38e93699d669ef1851671087bafe9d23f96030548c0554bc676
0	1	-1	density	e524a59a132de5a6d53646d8c341d30dcc97d45941605b9f39dac1da7fc1a831
0	1	-1	treeCount	36ae8445ccc97d26cf3512e5ce9e0772f144d667739050b9e2eb1367f1706e0d
0	1	-1	random	3400215af85baab2db46a32154fca0fb6ba8c6f720017558485aa1e08e23da5c
0	1	-1	seedParsing	789b4f031bba371d0daff84da0d2fe18919282c7609b92178c593f2a2b351172
0	1	-1	coordinateMapping	29866784e25b148428acfb6102b82bddb0d944780a3fb4a0fb459970a433f71b
0	1	-1	raw	0b7265b9f9ed23b3910000353737315a6e828a36505f7fde632380bc07c7cf2f
0	1	-1	sand	e67c29d66307c4be130a52f66c79d59e8ab06aca2894960140ac1bcfa8e19053
0	1	-1	gravel	096acd1393dc10cd7f3cf12d7da76dff367b2c6e45e73fcbec0982a47c3898aa
0	1	-1	stoneDepth	f60bc26157e83badfc5eb8151cd2a1d1ba30bcb0bbaca80732821b82ba385e8e
0	1	-1	surface	0198d19bf900419b8c33ef74915e95bc03559118929883ca725f99586ad6d8d2
0	1	-1	caves	0198d19bf900419b8c33ef74915e95bc03559118929883ca725f99586ad6d8d2
0	-1	1	temperature	76fb57bb0d7412633a702523beb60415bd9e688808140206866aa65a3670ebbc
0	-1	1	humidity	e8caa6a2d6f2d1ea45412369707b2d14370f28fb1fd6f80c1130f8b694d052b1
0	-1	1	biomes	e0c1f4455783b6b2f152b526c2a73dab0f5c3812b6300ee12913371616f65034
0	-1	1	scale	6a1e60ae0bc859b0a9c076317286af68cfc6c6e07876485d3efc9dc3285941fe
0	-1	1	depth	6b1e129f4c0674c0bce70fb4da6b5872c9908580381794e421cc462d307b8dda
0	-1	1	selector	79959973905ea3c1963ee32519301c3f54ba75127316af64041723422a8e7a4e
0	-1	1	min	7a6a67b22f72b93c5961c91bf661356d5d34ea5fdaf0ef563b776b788e350cb2
0	-1	1	max	5b40c5a073ba238db1b22dead009c193eaf3725fca498fcfeba9d16ffa95cc3b
0	-1	1	density	8b6857af28774917e73d85871d3c474a1ac24c90d71897c841ba749d04fe62c0
0	-1	1	treeCount	a7b7fa9168a3117db91d0ee2ca432513cad686083bcd7ae6552d2a9e733b28dd
0	-1	1	random	3400215af85baab2db46a32154fca0fb6ba8c6f720017558485aa1e08e23da5c
0	-1	1	seedParsing	789b4f031bba371d0daff84da0d2fe18919282c7609b92178c593f2a2b351172
0	-1	1	coordinateMapping	b77d4c52724aeb8cef893190cdd6daec0dc241c60203ee33cf1416c3f07c7c75
0	-1	1	raw	2dc883e9ea72c13a3f8c4fe143b98a0eb0b5bafe956deba9ed8775fb3fe8cca8
0	-1	1	sand	7c43563a60399ec164d9013b79e0eb29c8df1aea78d28ef3ee46bcccd29ca719
0	-1	1	gravel	af005504ed77cbbe932308b813257020765ad18217aa06440781a997ff85c809
0	-1	1	stoneDepth	13e68f9d21b6802dd334fecbb48deec8b56aa140364d1098570ce58644d59f7c
0	-1	1	surface	4216b1ab4eacb9dac27502f48290b3fc64be04b5038de75fa6c92c9467d299eb
0	-1	1	caves	960054faf2544dca36ce37413c23aabc9f24ab04cd892a8f47f57d9a0977028c
0	-3	-7	temperature	7a1bd276ca4b7da36e9f988da6d9109ea755f8f88303ff62ef3ea914ce5d880c
0	-3	-7	humidity	85243637d8f598123cb35f58156e95d3b695e5d39da81af6e9dd3fc4790131c8
0	-3	-7	biomes	e0c1f4455783b6b2f152b526c2a73dab0f5c3812b6300ee12913371616f65034
0	-3	-7	scale	878654bbf13a6cdb391bb74e466e7cb25f68f06ccca77aab6b9eef4a87f20816
0	-3	-7	depth	07c988394b6248ab8c2b61ebb819e16ba4ec717eef31d1c03b3998d4c723e3e5
0	-3	-7	selector	4f58d2d00daf26f04a2630c95eefb9051f236cf6ce40b25adebd5d4b7ced692d
0	-3	-7	min	a2f4c4d1b1c621f0abf5d2d95c00e02ea98e0c08f4a10a28c0c157f77f95c18d
0	-3	-7	max	a126a04c482e7ec65365e870f4cc470cb4291d6c8330384acad99e3a6df81aad
0	-3	-7	density	0e4da564b6440739b97881c5b0e7d378f65630f56d615527b6d65fab9fd662ae
0	-3	-7	treeCount	27e3a045fa7c10dcf512726ee0dfdd71f0ddb2ced01c2ace275b569363821065
0	-3	-7	random	3400215af85baab2db46a32154fca0fb6ba8c6f720017558485aa1e08e23da5c
0	-3	-7	seedParsing	789b4f031bba371d0daff84da0d2fe18919282c7609b92178c593f2a2b351172
0	-3	-7	coordinateMapping	55ac43e0fdf0990e7d86e91f18172101cc5719ae8ff3122a7e38010f6d173f99
0	-3	-7	raw	e65a0ed77d9c2cf468ed4aaf4a27d1beaa7b014c152e459c7f8c1ba7e1332e93
0	-3	-7	sand	af1abcc4283e654f8f358ce0f9634bc77d05a096bd7122b37713725e98e93241
0	-3	-7	gravel	50ab3aad2d15939ff16ca7c37214738c2b27835bcce1ac50907af58489258c81
0	-3	-7	stoneDepth	458c78b33b508bbaa3ce781a0105eddf08c3c636bccdc0a3c955f367b2ef4402
0	-3	-7	surface	7c764f466e1a2f90b8bfd5adf6fbdd8e105d52752c040c4334ae6e867e86bff0
0	-3	-7	caves	7c764f466e1a2f90b8bfd5adf6fbdd8e105d52752c040c4334ae6e867e86bff0
0	17	29	temperature	9ba27e1bdec45bc92d3f232e4b34a4911d63907530a691d1e410c048a5324207
0	17	29	humidity	363dc47e749d91bf0eab75f6f890e5928286cc1d5fd2f282469f1823ec022689
0	17	29	biomes	f5c22e35d04167e37913e7963ce033b1f3d17a924a4e6fe5fc95af1224051921
0	17	29	scale	9fb0fd96967e364f237b3e9c42a729fca70bd2228843fe9b6cd18f663a1a64a8
0	17	29	depth	33434799132acd749406500646cd5232fc006fd7571ba2f24ad701c6d16b103c
0	17	29	selector	863ce3b8d361e372146e85cdef90dec58eccbea2e5cec595dffe58b28dbdddb4
0	17	29	min	d7c02b3e56c11bf4d31c8db7da324c2170c4e13115c361d20a49b2f01576dcb5
0	17	29	max	6a3b09966f050c1eb5c37c38483bbd3bd0077ddd6c0eaa2c64f296a1f9a53fca
0	17	29	density	c4b23d368b7a8498989f34f9fc6148b79892bb73121b246d97bf891174cd8b80
0	17	29	treeCount	32e3dcb2c5af8d6cd94b6e66cbf57b54c4e0f7229479cdabab732a19d65eb3c5
0	17	29	random	3400215af85baab2db46a32154fca0fb6ba8c6f720017558485aa1e08e23da5c
0	17	29	seedParsing	789b4f031bba371d0daff84da0d2fe18919282c7609b92178c593f2a2b351172
0	17	29	coordinateMapping	eb69ecfd8d41cac57b7f31dea04ab37db9cb8be9eeddd4225e14b4948b5731ef
0	17	29	raw	bd1003f5c522ae199c10ba691a672b0e3f00a03b2d3f02b1fbc4acb427baada7
0	17	29	sand	f3062bbe2f08728f75098e978a9e41fab6726083c98fe6db6d5c188e3a310168
0	17	29	gravel	57f43fdaae814140aa1a112441c65d78a1c4c7d67c2568fe49a43525599c1aaa
0	17	29	stoneDepth	f45317ad58fd067a40ea9d236ab6506ce4bd589303322106ba34bc57a06d24d8
0	17	29	surface	a495f5c2ae570c6646bd81cd45fc9babb0a1ad3b0b6f4c3c281a55fbf9b18a1f
0	17	29	caves	704115cb2eaae6f4a9991cabb62b79266910c9bc28afdb47dfcef1f1178f6cd6
0	784426	0	temperature	7c3f627848719eedb1d8fc13a452eb78b270890976a4ff23b1c64648b8d516d3
0	784426	0	humidity	72fa8fbaa2fae8d7db31ca2438ea75323aa0267a6338dfab933c4baa14d1256c
0	784426	0	biomes	e0c1f4455783b6b2f152b526c2a73dab0f5c3812b6300ee12913371616f65034
0	784426	0	scale	b9232159290dfa80c51e1d2ba08f43b165f97f83b2810a2c9c55425deee81200
0	784426	0	depth	702ee0e500034187d250ddc042e428173b0d44621d5e8032c2556cbacfb14d90
0	784426	0	selector	a94790e49fa053b21f35eb600700dc2d3343e278729cc9d7eb993d03528833a0
0	784426	0	min	8a9e7203782c4beb1dedf631285bf0da18ba606f48179d1dfb5996900e52acd1
0	784426	0	max	1fb62cc29c27ea22583d72b01ac34d7a0654fa4aeb9a697ed084351730752504
0	784426	0	density	f54ca913f5135a7beeb95fd208033e379704ddddad684b1a460e2d86f65d695b
0	784426	0	treeCount	38b5e51db34a4c656d40babebc8ea4dd1874e33b084a264df85fabce4a334684
0	784426	0	random	3400215af85baab2db46a32154fca0fb6ba8c6f720017558485aa1e08e23da5c
0	784426	0	seedParsing	789b4f031bba371d0daff84da0d2fe18919282c7609b92178c593f2a2b351172
0	784426	0	coordinateMapping	92a4d7e5cf433906f0f3477b5b42cb71731b6127d939f76c66304e560f0d5198
0	784426	0	raw	aa34fc40642fb478e83d5188072074d8ab0201b90b4827fecbeef124f329c14f
0	784426	0	sand	248e810017cc0219226a6d536673220da7e48cb660f5794a9c878c8df9c73dc2
0	784426	0	gravel	610a21719d28ef26046dc1d42845e39ecf74b7bdb294f612796dac239fa22096
0	784426	0	stoneDepth	7d27166c581bbf5cf6b7865fa2471b2513e6c6ca9822e0043bebf82ecd42917e
0	784426	0	surface	a326399e06f1cadd14c09f66c7e4b59340ba505feafe89f1657838ebdb499a5a
0	784426	0	caves	6cf2b082b6f47d6b22270cc5a8ddf6f98e37e5edb373d661fae9d3527c606862
0	-784426	0	temperature	4af3a77cdacdb1d84fd61ede82535ab3a39924a6a97f3985ffff2e5abefe3eac
0	-784426	0	humidity	d787ae668b7db0062e368418d81daa0067e7c96ab9d8149d420191cb41010ad7
0	-784426	0	biomes	98a78051865776937de080caa6bedab036b4578b26a5ced17a6277e0749f4d9f
0	-784426	0	scale	1959657309d9898e9b201e8dc5e761b27d40358cc395eb1a45ffc412928df75a
0	-784426	0	depth	985562b5ddc3d290de21e3c0cae9e64de2ad64b7cdc80ed0ccac93a7b25982b1
0	-784426	0	selector	10bdbf68eab759b59a14f4cf99a1752c71bf5a4713745e992d5392bf5d3480b4
0	-784426	0	min	59377ecb2df5aae753ab33e210b6a418dc0853e9f68c5f49fa1c89df66d0d40a
0	-784426	0	max	0a4c03a3d8f91cbad8aaf22a2b91237ebdcd03ddb388f20100e845ef30439cff
0	-784426	0	density	126bc5b8e32656f9fda2a664f847cca1b893ba10b08b7aee1b8eabd112b04ae0
0	-784426	0	treeCount	6a67ca94497172bec17695a8828bd60cbb18f50c3019e1c0461676f2dd6e9220
0	-784426	0	random	3400215af85baab2db46a32154fca0fb6ba8c6f720017558485aa1e08e23da5c
0	-784426	0	seedParsing	789b4f031bba371d0daff84da0d2fe18919282c7609b92178c593f2a2b351172
0	-784426	0	coordinateMapping	0250691fd9bb78c6eca21ee7d3e56faa072e8ab273aee215b0fe0cb1da80cfd2
0	-784426	0	raw	3048ac0bce71ed40ada65597aef829587405acb465ae12e232cb51edeb9911c0
0	-784426	0	sand	a1c7e90a36da6412af3470a15ee9c30c3da22316a3aa68d584b611bc3c73c72a
0	-784426	0	gravel	3af2b3da6778595258a8cb02d0fce609e171b7ecfaabec559c1b8bdca4fa7bbb
0	-784426	0	stoneDepth	c7bf35391f683b7299223db4833b91b073a135954d23ed9bbcc187c362c3eb97
0	-784426	0	surface	9e8361644ee95cad565dbe67ab270095665b2e494b5e50becc99983670b2a20d
0	-784426	0	caves	cc4a706a7720c8fcb60a24e4d1fea335565d7fa87caafe65ef6530a0986dbd35
1	0	0	temperature	d84bb39bb91eb5499ed79bca3f9fad100ad2df646451d963168eb0418c416fdf
1	0	0	humidity	bd98840b0f73074fdf82f4c69c7887477e137029a36c1de37f7556782471309a
1	0	0	biomes	8a008a5fca6cac16762abfcc2641c6cdcf82478406871e00f7e86d78884c4192
1	0	0	scale	da74a937147b03628a69de2c936bf7de9f989a302b5c259bbe952231905da769
1	0	0	depth	e5334d38670ea839bd86fbdb6e0bbaed68ce2819f9ccdfb6529fed987b1f555a
1	0	0	selector	1ac05554a44a3fafed36119ef80f550e55fa5d4e8656df17e9fa7cef9fd2a076
1	0	0	min	356ad26e3c126f5fcb87b9a3a421fe91ca4ccc80c546248fd3b8ee58266e6b2a
1	0	0	max	cb74c4a41d080d0a33a40478e8619235185d15c91066929d3c99e10a06c7cbe8
1	0	0	density	681b6f029b770167530fa2e70d76ea835cba0bb1cd722d46387f8bc4b54a2c55
1	0	0	treeCount	5b14f54cf1694b002a58b1081bcd88b3713af641e64d57bca1ea85e1b31acaa3
1	0	0	random	34eebc3a1f9abe4b963472d382c4628160d08824c8cc40dbe76d1b7a4ca0846b
1	0	0	seedParsing	789b4f031bba371d0daff84da0d2fe18919282c7609b92178c593f2a2b351172
1	0	0	coordinateMapping	23ff23c4a3a736d2c33ae3c0655e8328ddf6c0880e8443e16e4868e411d90127
1	0	0	raw	f30c3ba30e0b61440bd58da529c95d4ab1b1270c0e012dc883a59951e7967c77
1	0	0	sand	febb320350a69cd147fa769edfb17946bdce4a23e4f0629f3df90945f442e359
1	0	0	gravel	9e73c91e814b6456e5bba027b55e91604794d1f9661116a9cf0648fef0e59f4c
1	0	0	stoneDepth	019a2b33648605c579e3bc6986e2a571c164f2350578978cbc4a82e479ea2614
1	0	0	surface	eba2d0d1f846e0687252a72a0595924fc37e8c6ecc6e7b5a8f43e71b6f2ae119
1	0	0	caves	6abfcc4858e613eec7240d19eaca3c3cf338745eca01b0420942fbf2af40e430
1	1	-1	temperature	c2612061220897f35bda0cc734e576c855e77d10292610619d0d02dc0a2ff567
1	1	-1	humidity	e5a00aa9991ac8a5ee3109844d84a55583bd20572ad3ffcd42792f3c36b183ad
1	1	-1	biomes	8a008a5fca6cac16762abfcc2641c6cdcf82478406871e00f7e86d78884c4192
1	1	-1	scale	f7a4e9100f9e94f25cfd4c34be02968572619eecca11fbbf1bb9fa61865ba552
1	1	-1	depth	1d4e65840061ab0f64bfacbe0961fd73f1ea844d8313d4ec34bcbac67a2b8da8
1	1	-1	selector	7e3a8571f1b51bdaaf0973dd7ed61b6f88b0265daed262cccf6d394fe4a15387
1	1	-1	min	d5d9ec5325f5a4413df3efe0900c0724f435ead6a613a8eb638bbe665c9c1130
1	1	-1	max	6d4bd4112c02abb00f65d58a49cfd48936515cebeefaa2c3fa6b405e4c6c52e6
1	1	-1	density	3bd23baf822f8fd4b7607f5a01394028ded8c5fe707b91b768124d14337f1924
1	1	-1	treeCount	4c96c739854400f0ccd7f3f96328b4a1240ee353b46f61be969bb62b36338681
1	1	-1	random	34eebc3a1f9abe4b963472d382c4628160d08824c8cc40dbe76d1b7a4ca0846b
1	1	-1	seedParsing	789b4f031bba371d0daff84da0d2fe18919282c7609b92178c593f2a2b351172
1	1	-1	coordinateMapping	29866784e25b148428acfb6102b82bddb0d944780a3fb4a0fb459970a433f71b
1	1	-1	raw	b311c1d83a3c04dba2d65b0fbe0d3ce46b5989cd4b912416a18913215b059749
1	1	-1	sand	65aa4d03b4927073f1eba55bc85ba1333c0c57b3496cadfc73fd2879eb4eda55
1	1	-1	gravel	c555f63c5a3db5c95bc366db119670d750e923d1a0b1ded1b70e87d6208a6fdd
1	1	-1	stoneDepth	da3e9e73ae21d6abc9f14cef13d8ee290e6a13c116e322a02b07f28f3529bae1
1	1	-1	surface	d2cdc55bf4dc9edd9ccd20c43a5ebbbe26316cf6fd6f1721a13c3fbedfe48b1b
1	1	-1	caves	dfad44547b9cd35e99dc8a86d7910f0f9311a31de0b2adcd7c414fe4ac2cc07a
1	-1	1	temperature	73ca643df48ed0f3df99ba2095ab5c0480c63b81c6c9dcbdb7072c0dae46adbe
1	-1	1	humidity	3f6c200ee80a029ae51bea34d52d13814c8616b2d9b5b518fb168fa015aaab7e
1	-1	1	biomes	8a008a5fca6cac16762abfcc2641c6cdcf82478406871e00f7e86d78884c4192
1	-1	1	scale	5a798272c993a1c534931d1c50173fd9c0996f3571fbe819adac0c313c847fa7
1	-1	1	depth	bcedf0f1428ee63211449523ec0914599625e08ebb6bf733d3a9fd60981a9d4b
1	-1	1	selector	11f034e7b26b474699df788e5dbb5db6386e93b1bde0c9b1c70809c392eb6332
1	-1	1	min	26b8a20b7829e045fc75db88a2d83ec211635c9481c26831a478e4b330215d1a
1	-1	1	max	07aaf2952575c1dc5520b27497ed252dc4931de84a1088ecc3a64472aa20b9a9
1	-1	1	density	c2970e2dd6a6a76372122c00a1dbc260c0da2db3fef7706a7b8a5006b5394c1c
1	-1	1	treeCount	a6454b142399d1aab7130f6f81c1bfc345db01c8e1a8a9b80230104ba51e4ec7
1	-1	1	random	34eebc3a1f9abe4b963472d382c4628160d08824c8cc40dbe76d1b7a4ca0846b
1	-1	1	seedParsing	789b4f031bba371d0daff84da0d2fe18919282c7609b92178c593f2a2b351172
1	-1	1	coordinateMapping	b77d4c52724aeb8cef893190cdd6daec0dc241c60203ee33cf1416c3f07c7c75
1	-1	1	raw	dea070ba282833d512609f7a89423ad0280b220691c0f0c1b40102e1e71fd4d3
1	-1	1	sand	cbbcf6e76906d8a01b4d7cd65295f4d65ad066549626fb504812ffa1354ad7b3
1	-1	1	gravel	0cc24e2a38f4cee45749fbba9f69db29e93ff5409bf26e14dc25f412924ab019
1	-1	1	stoneDepth	33f8124344e22bdcd2ac133804586f0d356dc791abca0c9f76b1ab42fa12fae6
1	-1	1	surface	fed2c934d36bcd0024050ca16a3035a475c88ee7c84b67cba1842cac772d82ef
1	-1	1	caves	fed2c934d36bcd0024050ca16a3035a475c88ee7c84b67cba1842cac772d82ef
1	-3	-7	temperature	05e53f978432de92512f92b5e3115b7607075a9226a88ad91262a72f73412229
1	-3	-7	humidity	1e9510e59dc56d98e4594a704c2fe973f0d85b0429a9af44ff80461a0516ac74
1	-3	-7	biomes	652fd2952440d30d6b5830e45a719b2b25b61a24bc4a8376940adeda9d7e9721
1	-3	-7	scale	ec88818bcd2f121bdcad35c62d1d6c8dc7488cc2e7f73aece8efe502040e9d7e
1	-3	-7	depth	35fe60a18a45147d0d441ba1d24362697f7daac5c77d4ad9f06bd19f077a8453
1	-3	-7	selector	5c82f76422ca67cd3ccc78a622095eafc9213ac0d1f607c884e90acc257b002b
1	-3	-7	min	e24b25675d9bb4ee8d7ee32c9948e608d954348b1ab09a726de4e9c0eb6967b0
1	-3	-7	max	aa265c66848f015cf76d3ed3824b42a685ce31e886eb9302c80acfc4c1924908
1	-3	-7	density	6988f21e6b4411aea83237aaaa2321ac20f885847ac57f4d2a5b70957a73e469
1	-3	-7	treeCount	0dcc49bea5a71943ff42eeb069ccd0a124b7887f8e5aec24885c8c73a24ea700
1	-3	-7	random	34eebc3a1f9abe4b963472d382c4628160d08824c8cc40dbe76d1b7a4ca0846b
1	-3	-7	seedParsing	789b4f031bba371d0daff84da0d2fe18919282c7609b92178c593f2a2b351172
1	-3	-7	coordinateMapping	55ac43e0fdf0990e7d86e91f18172101cc5719ae8ff3122a7e38010f6d173f99
1	-3	-7	raw	867ff67f877b35008b022f9640c8ed71a17ec998d22ec6c2ae1c8f2258503721
1	-3	-7	sand	1fd3f7b54881a34a6484c7f791e63b0f9faf81450d4ac9b9497db457b1a3c810
1	-3	-7	gravel	1ff8a31aef1a32ca6c0d544824da1091fb7a1707b877fe4d166750f94e96e6b3
1	-3	-7	stoneDepth	a2ea1bece61c5cbc03ce0a527f7c07d42bba0ba4c58fef01375dae05a21141fc
1	-3	-7	surface	a579df1644f30acc35e59b11fdbee661d2399bb5885a17eb1d43c08bba3eab78
1	-3	-7	caves	185c385a5c61c89da6e58ea129c6ae7f61bb975fe58f0467c8f4b783c9637cf1
1	17	29	temperature	94b90ebdb6c03c612bdcfc6c74c2c8106023f4d4669d3ed43e349d6c24ec76cf
1	17	29	humidity	b35bd580c42e340e85c801301f738dc6ff67a1a9eedaef4f49e43a7986a4635a
1	17	29	biomes	daebcc444b96f751008719c1ef05735e9b91365fa8d19412b0a4e1b4a6ae388c
1	17	29	scale	395c53148dd4b99e04d0a4503c9a1d6db2bde8b420ecad298527a31bb86f3b4f
1	17	29	depth	2417d22b34a9be70e5b86a06c4f9c8658806de833b1cbb01f28c04aab14474cd
1	17	29	selector	4ecd006b6399dc3cf114c666c92b38566ad11b2d86ecb7ee5c13ca000b6b475c
1	17	29	min	0e04e3c981e225d937ecb937886a0873fc62693d7d7b227978ebabed347f86aa
1	17	29	max	c872cf7b30b7bb50e518e812881d928a3431da882fd3f93ab478ef26f0bdec15
1	17	29	density	5d5424b832c8ebad8e5c1c783842f5a5f30a35e4798fbcf2ec553d730f393333
1	17	29	treeCount	f24dedabda9b81b4be750c4792afd937412f001651432fd9c595b04f75fdd805
1	17	29	random	34eebc3a1f9abe4b963472d382c4628160d08824c8cc40dbe76d1b7a4ca0846b
1	17	29	seedParsing	789b4f031bba371d0daff84da0d2fe18919282c7609b92178c593f2a2b351172
1	17	29	coordinateMapping	eb69ecfd8d41cac57b7f31dea04ab37db9cb8be9eeddd4225e14b4948b5731ef
1	17	29	raw	52140b3fa937135840d4b0dd9927756fd80e508202aae5a59ef72a4e3f233e2b
1	17	29	sand	cbbe0d15a92da1a34dc501ef4c790fd891341ff67319a561dd2f92eb00fac702
1	17	29	gravel	f65378961a62ff6cf690b766f40549ed4f03316520436c594f0eea62f72d1348
1	17	29	stoneDepth	51ff51326e76967ef6565e41ab40a4fc363185581096f1658576a83e8ad30fde
1	17	29	surface	2b837f984cade0d14713b02d021b47f46d26b40e1c2e16350f07d5bf3f50574f
1	17	29	caves	9ef951907d19062b6be9f077c82f9ea29ea1567dee7f4b7f39f73372024f6c6b
1	784426	0	temperature	7510a2b7f17eb0e318345a7024021cf032b932412dcca7c356abbb08ea0ef6f5
1	784426	0	humidity	58117aca80fca77efd7e9e42c2f4f509e07cee08f380e20ebee7beb9a6067ba3
1	784426	0	biomes	e0c1f4455783b6b2f152b526c2a73dab0f5c3812b6300ee12913371616f65034
1	784426	0	scale	38ee2a00f970742c6d94d6959d765f819ff5dc083ea7a7cd223c6a97418ad319
1	784426	0	depth	6ac9ab0be6792847d500a31c45a7fc03444d95d009c91f31d4f296e5d6ec39e4
1	784426	0	selector	9f879d666e0071016a3bf7077171c9b4453f46a5b0b4991cf22c5e816d1838c4
1	784426	0	min	b1888c3c446a568e415e37bd392833831fc6112865f722605d907e1a87bb2577
1	784426	0	max	e61371275e29cb9c3571d9a01a79f19e40a56b02b1a937db9ec5aea22e9eb70a
1	784426	0	density	42d322dbd2cac1664ab09e01dcef6fc118f1739e841cb67bbab5a556d65745e4
1	784426	0	treeCount	f70e5fcee29bdd1ab93b1a3c33f9f8a47e73dfc9d21921485b4dda88fbe837af
1	784426	0	random	34eebc3a1f9abe4b963472d382c4628160d08824c8cc40dbe76d1b7a4ca0846b
1	784426	0	seedParsing	789b4f031bba371d0daff84da0d2fe18919282c7609b92178c593f2a2b351172
1	784426	0	coordinateMapping	92a4d7e5cf433906f0f3477b5b42cb71731b6127d939f76c66304e560f0d5198
1	784426	0	raw	4e4f3ab76c8754fd3575902a257e500781857505f2248e64d12656efade39a8f
1	784426	0	sand	61fd7dd12ef47083f768dab6736a2c6cbe2d934ba0b0b704376b6caa443fa7b2
1	784426	0	gravel	1ff533907a0986e97f008c87e7c108ebfceee39f2af8ed62abce941f626204a3
1	784426	0	stoneDepth	4e56bf841e75f3e3d01422c59fbf96edd50ef8f0cba6abe857ed7d6b245ee752
1	784426	0	surface	63b0bc523188e4ead2c42f0171e8f4f2d3b9cd448291f5ea3bb02a54b2d55356
1	784426	0	caves	be8bd2bcd69febe77eba7f399d2feb3d697f6e185d3d80e6e69d239c4e79bbb6
1	-784426	0	temperature	d5b7b8ea8af12187eb413830dec4f55779ab029f267cbd8b4a3a48bccac63bdd
1	-784426	0	humidity	d433c41bffd16ed125ad9146e6ad04e2df4958d8bab8a85c1bc73461052dd647
1	-784426	0	biomes	063bce9874ea15bc6e700c13c80c526163a2dcc4da6c3e5169069d6cc7c945d5
1	-784426	0	scale	d4a5655692f08d94a238af87018399813947ac23cfabacba5edb360ad7f1f617
1	-784426	0	depth	c9e090c6920a3077be149cf3cd03bd8dd41f6795a8fbe7c42876db2e4d4cf5bb
1	-784426	0	selector	697dc75a7c8dc070b86a43e521d298ccff4eef09425346643259aa5596e90994
1	-784426	0	min	310ea9f5b7ec2330707e57e9d121fb84003177646c4c56e757e5931c1dbc5f4d
1	-784426	0	max	535c4687ed510d732e4ed3526fd1143561a16f7c39343edd884da0ae9f80c494
1	-784426	0	density	30ecc68fa74715d69b2d187a096db6718c96bbf0ddd6dc6acc69e69ef961dd31
1	-784426	0	treeCount	8a1312e1787cab935a1d244103cfdf140ba6361dee846ff4e6c599481b9fb370
1	-784426	0	random	34eebc3a1f9abe4b963472d382c4628160d08824c8cc40dbe76d1b7a4ca0846b
1	-784426	0	seedParsing	789b4f031bba371d0daff84da0d2fe18919282c7609b92178c593f2a2b351172
1	-784426	0	coordinateMapping	0250691fd9bb78c6eca21ee7d3e56faa072e8ab273aee215b0fe0cb1da80cfd2
1	-784426	0	raw	426f44c81cc7f8b9c25ee8e71612af40d99e43ccc802bea9617d9f8c558bf48f
1	-784426	0	sand	81fa97328d381eb1d7bd91edf78916a6c7a7a949137de24726485e4a7e521374
1	-784426	0	gravel	3f619b3dbba04443e357a684e95c1841c900429d600cbe644598a623f9fcf5fc
1	-784426	0	stoneDepth	a5358e38973521a73de551da83659e18f87fed1e83265c26e60f21ce3c8af42a
1	-784426	0	surface	10149997e690a73412bc56134e12226d3867c8865eec419d2c902cfdf83fc99f
1	-784426	0	caves	26eea67b4389e94a1517a1d38692d6a9521d4d257371e16b1a165c238bb28852
-1	0	0	temperature	1a53997f86134b3c15ba8253946aa02f7bc94ddb483426a294e35a9fff73ae3d
-1	0	0	humidity	5f5f24bb5b6ac7ab498f7c6cf1b54a22f49e225272b2194dd31ad474b585d5a1
-1	0	0	biomes	5edc33390fbd89303c866cd56843ecc0d9c151e3804b15cf278fc7374c57a33f
-1	0	0	scale	712925c8d08acb9eb70ff99e7ad6a51630aeacac87ba6a75393dcfae083a10f5
-1	0	0	depth	deefe95ad6b18b63fff39412bd145643b3f02623fdb00529f24b249da74c648d
-1	0	0	selector	b18c5f0e1715e01b8b0cad356ffefde95cb56eedd96e25bdd5eb899e8c5f3766
-1	0	0	min	2fc1fa42e5f0824fd9fc39b9a130f20fb26cf67148c4ab2f345991c07f5c6ab8
-1	0	0	max	ff95add815050e32a3c9167f87dc3ece307fef91e78e3c7db0c9223ab61772cf
-1	0	0	density	59df4e5181b92617a0753c5ddaa2b72abe27d3c76fe1a6a1879856acc4c96da4
-1	0	0	treeCount	9d0a980abc845cfc46702c763e70bba838d8cee668c6d8d592dd38c0926de0d8
-1	0	0	random	2bea129cdff38f3f5a3efea2b4cfba786646867355e4f82dbb62f883823ef08d
-1	0	0	seedParsing	789b4f031bba371d0daff84da0d2fe18919282c7609b92178c593f2a2b351172
-1	0	0	coordinateMapping	23ff23c4a3a736d2c33ae3c0655e8328ddf6c0880e8443e16e4868e411d90127
-1	0	0	raw	77b52ec1fd2824da1494abb99bd257b46cc0ae3c77a9c43c27678683a4510d1b
-1	0	0	sand	442b2e3da5edd9670d4fb59d01144bcc52a0bd3eb769f65ce14e9a0aa1a4ecb4
-1	0	0	gravel	22a078f46918392033c814f3b838cb9a9a9a4420a070768be4e1184aa041e395
-1	0	0	stoneDepth	510a581a4c1639da2ed155ee9e762e128d84152131a9e476c7deb397b665dabe
-1	0	0	surface	53fd4182a553502b60f7d7bc43fac8ccddb0056d30f16dc983a7f54c6ece1154
-1	0	0	caves	0aac18dc8abe8594439b55041da2d0db87ab49a0742e08835a17d1cec4254099
-1	1	-1	temperature	5cae1468299c8adbfbb1a2617c16210d3fbb05fa303f1e448c8bf98a6ef94c08
-1	1	-1	humidity	8fa9048d150c401b17396135795dcf3d4d9811042e309c3c5aec22dafdeca8f1
-1	1	-1	biomes	58c8deda4e0a2232f4681ae3133e01d4fe80f7e37428b83ebab425a9befb3a40
-1	1	-1	scale	5039b15fefa832047d70a2cf8d644cf2d601a67ee127e91fd3d52437d2151d7f
-1	1	-1	depth	66d3f45c86505decc0bfe0f7af9e45c1b357378db2cf3790472c14cf775d2f4b
-1	1	-1	selector	8a651056bf2785a1e49added4da40bb9c5de3d7e02e80b09a9c110d0bdc07649
-1	1	-1	min	beab75c77c447c97768fb83e60fa9881ddcad1d0a743841b42a136ffcc3b2aa9
-1	1	-1	max	ccd1c140121515f8c060c88431cdab5813d6093521f1b9a5f973b59f4ee75c90
-1	1	-1	density	37361484e5c1b70c5977316ebad49496b518fc187186a39675b1c1df1c00d931
-1	1	-1	treeCount	7145e7f80cf2bac274005bea262311d2867dc356a160b40163121853c2e37af3
-1	1	-1	random	2bea129cdff38f3f5a3efea2b4cfba786646867355e4f82dbb62f883823ef08d
-1	1	-1	seedParsing	789b4f031bba371d0daff84da0d2fe18919282c7609b92178c593f2a2b351172
-1	1	-1	coordinateMapping	29866784e25b148428acfb6102b82bddb0d944780a3fb4a0fb459970a433f71b
-1	1	-1	raw	d4f02d343284f74ab8719d301eebdca6e5193967ca8b0b18e8e7ea0e2a8a40a9
-1	1	-1	sand	fe7ee37e1f189d4ee2a702f86f87ac0d9e4619a311aa00deb886ed5215f709d6
-1	1	-1	gravel	81e2e8f170b59b98f1d4a70c42866ba527866f0e68131b1f6457f8cb9b301bad
-1	1	-1	stoneDepth	70e6d68f581a34dbea90362e6c40ce06fa94545592ff411f61cbd74371d70b68
-1	1	-1	surface	b223769ba4ef492f95118efff0be90a40f90a43318199e56122e1a21475182a2
-1	1	-1	caves	72aeb15b49a0253509c352ea30c0b05ea9469361550b47ab02310834268a4d6c
-1	-1	1	temperature	56aebdbd45a58186c3625d72d9d1f6c82e2c3ea6b2d656bf404f29d333fe1eea
-1	-1	1	humidity	92662ebcf91f07dba579190d41b4449e35bf91bbfb7ba3717974b0a901f88701
-1	-1	1	biomes	8c6fe9bdeb122699e4e901d6c78d07dafb74a949c7c8fd18b7b02f2b6853a356
-1	-1	1	scale	c6cd8e87626bfd77be34e1b06c01073031e5d20512e3dfc845f9efe4ab6b904c
-1	-1	1	depth	9e40d53baf0de3141856a951e07e2712eb59c5dfd9029e0ddcbce72ec2d712c9
-1	-1	1	selector	ed7c15723bcfd487725506a2502fa5d65c0832a648e82e8a20e3e5d4f7ebdaa3
-1	-1	1	min	cf4ea45d2f270a12cc56d5363f4def8e96aac50b820ae6ff2e1fdcb8d8545432
-1	-1	1	max	cea7ed47a4e44ed73dbfa65b3320bbdf2912c421907a6a3966c424778c87f00d
-1	-1	1	density	85aa9651c6f657fa9634c4c2ce473ff1a4d792d17ce777ec1192b71ac6f0d415
-1	-1	1	treeCount	3c0f71cc956aa5d0229a5c74fd730be9c47060ca9946b1a8023048ed01623202
-1	-1	1	random	2bea129cdff38f3f5a3efea2b4cfba786646867355e4f82dbb62f883823ef08d
-1	-1	1	seedParsing	789b4f031bba371d0daff84da0d2fe18919282c7609b92178c593f2a2b351172
-1	-1	1	coordinateMapping	b77d4c52724aeb8cef893190cdd6daec0dc241c60203ee33cf1416c3f07c7c75
-1	-1	1	raw	3153fbe2d08ae67e6d3f98888b59403abc22982c9099a3373eef1f3e7c89d0ea
-1	-1	1	sand	3a2a0be52e16411e8e54c1fb5fc9c239bbeb69d6529db97e96057f585c5f36e3
-1	-1	1	gravel	74cda0add9d185acc9b129deda128cc0134ee4c288f0da6ce7308f04a81c93ca
-1	-1	1	stoneDepth	8959511e6e099af84ca985fdadbb45335b6a131639382ad73bd210b52c34ad04
-1	-1	1	surface	260dfbf98d4bbe918ec308d3940414e34267bba166ab1430aeac9dff5231cab3
-1	-1	1	caves	0156356345111c73e6227f4c08bfa04329c12a275c8d21c0fdf469ad7e721f5b
-1	-3	-7	temperature	4e2b18179573531f8f02a1aec1d0c7e79649fe2523a91e8e4b9356731a824957
-1	-3	-7	humidity	488472b3e1be2afbc9c65d4955552b21bf1a39c11939075406039c9f8754b14e
-1	-3	-7	biomes	65824fd9de641c41790500b8d8b6f833ccc6f9ac52edcd19c88c8b8c50cfc4d0
-1	-3	-7	scale	798b31c8109436b375317df95c0469c7d0792454d9474d9103df5df37e5021a4
-1	-3	-7	depth	ab1b137adcffb33125f470eeddb0d88438c2412854ff7dde1aebf880b2927559
-1	-3	-7	selector	821789df72f1e7e22edd274927a1236f2c0a355e351c03f57f754556bf5f19a3
-1	-3	-7	min	d3047301f1cb8f3240ab01d8c0c9a2f7e9733d3c232c5e950272ac0ac3e4e6c9
-1	-3	-7	max	eee3afd9568b24e43cf299e7cc397a6fa4a1126e93df19a92e115648d8382ffa
-1	-3	-7	density	d599d49a9043ae5ada17324c2175cda7a67c8a9455ad785a91ec89e3f38c052f
-1	-3	-7	treeCount	8eb789be9f9cf0dcc2e59daf94b53d8a1768fdc1875fc0102b896cc896a29ad4
-1	-3	-7	random	2bea129cdff38f3f5a3efea2b4cfba786646867355e4f82dbb62f883823ef08d
-1	-3	-7	seedParsing	789b4f031bba371d0daff84da0d2fe18919282c7609b92178c593f2a2b351172
-1	-3	-7	coordinateMapping	55ac43e0fdf0990e7d86e91f18172101cc5719ae8ff3122a7e38010f6d173f99
-1	-3	-7	raw	179a560550571251401b494aed74599359bb83798d3f32ec29e2399f9cc0781a
-1	-3	-7	sand	d3d513e845803cf1b1950f226ad274adab50965bb47a643178df8c12864cb3a7
-1	-3	-7	gravel	8e092d3a3688611170f791d54bdb485746de0128bee9afe2de0b56d8cd57d02c
-1	-3	-7	stoneDepth	66f679bb32b582216daffb8de8c1bcf822445041677bbe58ea27145d662e61ac
-1	-3	-7	surface	18951d92602e70cf53feb3ad932e5f83308a5a95fad109b2565f263098f54c55
-1	-3	-7	caves	cb9a94b33a9acb5bdb7d493b93f4a3fbe6a3d0655e059b02b2d4744e8fe62ecc
-1	17	29	temperature	e604bfa1628f5c98171630ceba2101a2fa556af10a152a9e06b0ef070710e25b
-1	17	29	humidity	2673356aebd03b3ede31a3803f12944f7525f1c485ff2c01c62b6552d6a08f92
-1	17	29	biomes	59a6588c352d2f8d85bb386dfaa08006a1cad0faeed8fe68357fa51596a022c1
-1	17	29	scale	d9731ec974e7e147c50cbdd61580b7d281c2f7fc54c45120a34413793999bf5d
-1	17	29	depth	e65734fa63910334b545dcfca8983ac762c02a530d6e7f0408a422b4b893b587
-1	17	29	selector	fa97d818e04a37d758f301efeffb535c7fc7463a13a0be153e758a3724d8d7ee
-1	17	29	min	a07ee317e471eed4d6aabb5597168c21820d42c082b365d1f5509585d08a2e8a
-1	17	29	max	c04baac9f0c0385c610244b57d4050864d50f5d3911cc6f199f84cc94ba37b9b
-1	17	29	density	68a038148ffdba4842a5877c815f867817c94bac1bdc40f2d37b4f32a4a0c584
-1	17	29	treeCount	e5838c70f0ddad37be09c6767617fd489ac7f2649aa26e51694ba1fe93ab47e8
-1	17	29	random	2bea129cdff38f3f5a3efea2b4cfba786646867355e4f82dbb62f883823ef08d
-1	17	29	seedParsing	789b4f031bba371d0daff84da0d2fe18919282c7609b92178c593f2a2b351172
-1	17	29	coordinateMapping	eb69ecfd8d41cac57b7f31dea04ab37db9cb8be9eeddd4225e14b4948b5731ef
-1	17	29	raw	24eeaf9ff8755a1b6053d5e5902d518f95efb8c405966380b4046e009b865a97
-1	17	29	sand	9c24cac1470aaffca95d41eb43eb891ea2d21d1b4c873d914d578241efbffb30
-1	17	29	gravel	199c7f6d3e0a30807eafe14161a4bf084e5df525fa99fd2b5ac0ccfcb9f90368
-1	17	29	stoneDepth	abf53e46f31eb1f85364791e01054f0d5fb8fba8ad8cd9944f404433d170745a
-1	17	29	surface	d433d2d9a355092f9c548d0be9c1c50577bee7580b6fa898efd7b43b7946c3f4
-1	17	29	caves	0aa401020bd394ef6f6cc392c5f19f07268bbcdd2a77ed689c8e683484f32300
-1	784426	0	temperature	28ee6d4fe59d81d9f0d02b731c6b4ab439305ecf99affb2ac1f3a2a6a9eb8408
-1	784426	0	humidity	c65c03c6b2d9a0b17ab423394785fcf34d7bdef6470be4a4d8c7bd9e3b970548
-1	784426	0	biomes	61b6138ea70321cf1c7b7134441bf7f6c4fe5e024e27885e660d37012eb67bb7
-1	784426	0	scale	d70df5f8ffe190bed826b6a2c012d42cfc64c7279b3de20137b6647375bc14c2
-1	784426	0	depth	310b2cb077014fe90059926ab4cf64d7b113b0888c7a4983393b777d1b14e318
-1	784426	0	selector	18f03951f785a5dbbb7de0f813bd439d4fa09961a3cabe4b7b6f61f1ad4503e5
-1	784426	0	min	3fec612edf0868f89a0a87c3c380646ecd6f8fee6941d4a4abf433f1040af13b
-1	784426	0	max	06750948d9f7d7c16bd00e96866e687d6d5a0a0299b64fad69e834079006c812
-1	784426	0	density	bb54f133eafbfd36cefd1962ba60090f3091ce86718dade88046e097df818d68
-1	784426	0	treeCount	92cdcb48d8becb981f581604c9f8e7ec377fb059edc79f1cdef9c17110c285c6
-1	784426	0	random	2bea129cdff38f3f5a3efea2b4cfba786646867355e4f82dbb62f883823ef08d
-1	784426	0	seedParsing	789b4f031bba371d0daff84da0d2fe18919282c7609b92178c593f2a2b351172
-1	784426	0	coordinateMapping	92a4d7e5cf433906f0f3477b5b42cb71731b6127d939f76c66304e560f0d5198
-1	784426	0	raw	740d02f44dddec16de12096dced1e432cc75825e5a38005c2f33cdc2aaae8afe
-1	784426	0	sand	f6608791b9f827fc2fd06d293c7a7d1bb43899ef1be448c6fbd3b6ddef55c148
-1	784426	0	gravel	4d195b6513e4fbe4254ca586a7a6b3bb9a960c1b0726e894d965fb1609ae1e0c
-1	784426	0	stoneDepth	14e15267c0ccef6b1fc2f351e585a40156447f9e551a1fed70b8496d3ec6ce07
-1	784426	0	surface	11ce59fe578263c4abadbf3b3e67f50d37954569247dd80132a327dbb7ea4af4
-1	784426	0	caves	8e7d79d283e5da36ce124527dc7388d22a88ddc32c8ded01a1cbdb105a9e91a3
-1	-784426	0	temperature	bd4836ff4f4464af120fe6181c8ef14cfeb81db6d2eb7b9792a8b2d680618804
-1	-784426	0	humidity	8fe5a21881e55a432d623152032f675b6b72d1179ccc859c8dba047fbd2dcd48
-1	-784426	0	biomes	98a78051865776937de080caa6bedab036b4578b26a5ced17a6277e0749f4d9f
-1	-784426	0	scale	4dbd0255e8159298485c15c55b1cb0b7a997815f633cf0872f574f32d984b787
-1	-784426	0	depth	41ccd15f3642f6433738a951f815a40144c46c13c990725789cbeef77d980ad0
-1	-784426	0	selector	fffc3edd7579534dfde4770aed705f9c7ae5caa15bff1f7635b1d8cf56600ac2
-1	-784426	0	min	b864e4c81c46b9dd7092ce64e8a84fde11c9b635b651feb867665ec5f4bd6a9b
-1	-784426	0	max	96f295d4296af12b744aa1938530c7f0c879fcdee88e04590a15d1debed792ab
-1	-784426	0	density	ff34b485e873bd539be0bc89b0795965cfc5081e023665b17685dac081970bc3
-1	-784426	0	treeCount	09f240c8c578e39ed22dd4120e233c2bc86582444d5c6f419f9f9cdc128e3df1
-1	-784426	0	random	2bea129cdff38f3f5a3efea2b4cfba786646867355e4f82dbb62f883823ef08d
-1	-784426	0	seedParsing	789b4f031bba371d0daff84da0d2fe18919282c7609b92178c593f2a2b351172
-1	-784426	0	coordinateMapping	0250691fd9bb78c6eca21ee7d3e56faa072e8ab273aee215b0fe0cb1da80cfd2
-1	-784426	0	raw	cfab2a530d25a5e0f6279bd7cf110778e16d9d9d6a963a9b995a04f8d8374494
-1	-784426	0	sand	f97b69f1d5bb1bbbbe48de35b788ae93481dab34fcc60e8f54caafe0918e9a11
-1	-784426	0	gravel	6613bcbe4746340c5fd11c6cfa13985fb18984e8f0e27e9211e97c24d02297ea
-1	-784426	0	stoneDepth	8dd33be52bcd35d9d8978105930cf7e837dc10fe23560656b121df6256d1be17
-1	-784426	0	surface	5ad2f41b339fcc07bcc7032cd7368cd43adf42830c892fe6677598abb7b2f3ca
-1	-784426	0	caves	980e8c3a1aeda7d49e69256243b32a55e0d4dd03c043d77658da0f1826af4f08
12345	0	0	temperature	e658857c38a7a357c0e86e9bde1040fe1bd25583f8cb16fa344dd931e409e1e7
12345	0	0	humidity	e5a00aa9991ac8a5ee3109844d84a55583bd20572ad3ffcd42792f3c36b183ad
12345	0	0	biomes	62e467d88bd1a744bbe69de118c40f38720d2398f9b9b12b00d04b9eb5eb7f46
12345	0	0	scale	6b9f37349ddfd09968e695c379565dbd39eed89681dc87189e4a34b3c99728df
12345	0	0	depth	95e060e35d65d9ca8f6f1dfb0689d6f446da2e6eae3248ea655e6fe3823fa93d
12345	0	0	selector	ff12cbee8229bb9b5ac88cb3c6618edb017b48e6e4456a78f22697c7e99c824c
12345	0	0	min	ec0801d23bb739473b3f5add0c2a1d21faafb9dac03803501510f25fb30961ee
12345	0	0	max	079c4b82ef0bf63566b53261df6feeae5c9be27b1084633480888f3b543e9462
12345	0	0	density	ef66cad86972f22feb97adffaa375b4aa63685c8bda9b35e13b270d96b638550
12345	0	0	treeCount	846da3fd25cbdc48759fa42c278159ad949af72145bbc123ed347901f6ddd042
12345	0	0	random	dea4345b1afa6d681caab82b2f4f139f591e6c642cd736accb777caa93a4f0ba
12345	0	0	seedParsing	789b4f031bba371d0daff84da0d2fe18919282c7609b92178c593f2a2b351172
12345	0	0	coordinateMapping	23ff23c4a3a736d2c33ae3c0655e8328ddf6c0880e8443e16e4868e411d90127
12345	0	0	raw	790e4588b113757ea26e75a60dc6cb4b966e7732387f36e57753d2a894986a88
12345	0	0	sand	3ebbd77d0229e8abb369b7ff13457baa34852ecdfb160770c0e0c88ee47ec4ba
12345	0	0	gravel	99a38c06e93e866157955b792d71ffedc2576e19d5dc99b6a894044b7af909e6
12345	0	0	stoneDepth	57a50d5eebb903803921db02c73de37b7be9f502950f2bcbc37e98af9f5154a4
12345	0	0	surface	a8d110df56e2cc10e57aa943427f9307be8f04e7a68e8fb0fa04f4e839487ce2
12345	0	0	caves	c3c07600d3dee30e24aeb2174e2f10f91a82f22517e7232725affd02cdbf5653
12345	1	-1	temperature	7f10e0d15eb6f3c22ab07283ad8c5479bad7b5dbc910cfd3837e4523594bd8d6
12345	1	-1	humidity	e5a00aa9991ac8a5ee3109844d84a55583bd20572ad3ffcd42792f3c36b183ad
12345	1	-1	biomes	119005a7ade5fc390f8e3759563d3bbca0c7708c55d8d035a83fa62ee9b3a8a0
12345	1	-1	scale	0d8f48db83c0ae9ad8b751f3b16453aeec497765410a8140c273333ab5251e6d
12345	1	-1	depth	fae9b101dc0ab2048d3a74408c8d1b0ce569feab3cecf02c5a4218dfb1086d98
12345	1	-1	selector	af2dff99e3897130e048267af82d8049ff515f7795c233a4700af5d719a7137e
12345	1	-1	min	2096e32c8b6e493c1b1746dc5dc810112c069b64d313eebbdb06b9bf51cd7a82
12345	1	-1	max	178a34a54ca6edd29c501492ecb411327d7899e7924d75f2c50b4cb0f559bf19
12345	1	-1	density	8a51faf8d27be835e1f023bcec74074ab0672ebca2e436e5288420dee39d4d67
12345	1	-1	treeCount	48c983368eceed20d5b64f2a4ab2ed9329ecbe0824d77b34968990a5b0f39f7a
12345	1	-1	random	dea4345b1afa6d681caab82b2f4f139f591e6c642cd736accb777caa93a4f0ba
12345	1	-1	seedParsing	789b4f031bba371d0daff84da0d2fe18919282c7609b92178c593f2a2b351172
12345	1	-1	coordinateMapping	29866784e25b148428acfb6102b82bddb0d944780a3fb4a0fb459970a433f71b
12345	1	-1	raw	bd197afc903657232780aad597db10d6897f6f163a98008d8e37b0d2f3f16ed1
12345	1	-1	sand	6adb27d1f010970f670da11109e50703a2702af1e13875495347647a0663da9c
12345	1	-1	gravel	51dc22a186205e684611e6d3ca4cb381a013ebf5f056d51db603469b8d830cc3
12345	1	-1	stoneDepth	cc9d40e3aaeccc6503add75c4723bc3a7d4c48923b3e49f9bee67167a908ed7f
12345	1	-1	surface	a77eba0ca678559db70dd5ae133894e60ac7369b2841896975814ec2a2c4fecb
12345	1	-1	caves	6a2f97749db99c88ae9d3c6c3e85eb877d28f35e6f6cc51cf059736ad2047504
12345	-1	1	temperature	e2741e031a188919c15d7bc0f7864acdf2ec39cb9bd5767b5594dbd4ab438d13
12345	-1	1	humidity	e5a00aa9991ac8a5ee3109844d84a55583bd20572ad3ffcd42792f3c36b183ad
12345	-1	1	biomes	8a008a5fca6cac16762abfcc2641c6cdcf82478406871e00f7e86d78884c4192
12345	-1	1	scale	d73308b2f8edd9b1e4f473b59388a575732beee24d5f0c5695a8517fee2faa63
12345	-1	1	depth	5ab94bd8eb74973fa5173ad1c9968ca82f40ca6f28d2588bcf34a69c91706eb0
12345	-1	1	selector	9822236ae045d5c04ed0cdb5a7a725d7bdd8a7dabf4ccf557f4cf1ef1a75a8f4
12345	-1	1	min	8d42b130ed51470cef11ca4a36be4b4f1461362847ddbee113c7978e52a7fc22
12345	-1	1	max	fdeddab79380c22b0709b647a7cce969f33afd6978f8e774407c72b2f9a74c25
12345	-1	1	density	c8b576c0a81d5ab486c5a82e06973e6e576f2d74311554a057f520e08f4e0756
12345	-1	1	treeCount	54bb4d4a305f5dd2c938f614c1d4b9d4bc5e2849c2756168952da7ed23aec8aa
12345	-1	1	random	dea4345b1afa6d681caab82b2f4f139f591e6c642cd736accb777caa93a4f0ba
12345	-1	1	seedParsing	789b4f031bba371d0daff84da0d2fe18919282c7609b92178c593f2a2b351172
12345	-1	1	coordinateMapping	b77d4c52724aeb8cef893190cdd6daec0dc241c60203ee33cf1416c3f07c7c75
12345	-1	1	raw	5b99fb1c62858ddf8c37ac4667b77007f816173f456c1eec6e18e732e0f3b1c8
12345	-1	1	sand	2c0077f48d56fe1dde4195d5af2a5df5900a9cd3222ae97373a3c46f161efafa
12345	-1	1	gravel	e3235b78c559c4984b42e7bece7198e331dc4f3e64f959085dea009b05fb032c
12345	-1	1	stoneDepth	08c8d1781e666f17ee2f385c5dc06be3fbfe01203208abad5e7b17c841515071
12345	-1	1	surface	da49d967bd380f98e6b969fdd90a204b35b8216149273165f6163bd330480787
12345	-1	1	caves	da49d967bd380f98e6b969fdd90a204b35b8216149273165f6163bd330480787
12345	-3	-7	temperature	2a8c2f141958fc78fd725585787a956ed9b2b280b80371f867fd662372d510e0
12345	-3	-7	humidity	fdf3450c7cdaaf32312c03c6f23445abbb954d678925c8c68f5fa95a751fb3f0
12345	-3	-7	biomes	a8c87b7c0a16f5bbeb066a43ae717fb5ae94e695e06b7a75ef27b539e46d3fcd
12345	-3	-7	scale	6ce4f3fab14ac9c600e26aaf5d1c7c7f61254c832e035463dc5de7bf32306374
12345	-3	-7	depth	9df33d92196d20a96d604a7a01e241245cc20788b980b2746bbc1ccf4ffe9f77
12345	-3	-7	selector	11fee07ae2c8b2bcea9b3ba419c171d57946347d927e0fe5f762d51a8eb4376f
12345	-3	-7	min	ee2b013104172c11aa2e5b93ea6e9d3060913ecece4f727db1011daced7753dc
12345	-3	-7	max	fc187333e7ea9a9b438e672870ddfd0ef45b16a4b288f8ae98ec86a2dd7929b2
12345	-3	-7	density	a4583cf0c20b7870345a9859a09d137440a2e1e8104619c1dacec8252d511c84
12345	-3	-7	treeCount	3cd0e05a64e68c658fbae91ac8117d320a5499480c8812a7f97fa539e82dbd7f
12345	-3	-7	random	dea4345b1afa6d681caab82b2f4f139f591e6c642cd736accb777caa93a4f0ba
12345	-3	-7	seedParsing	789b4f031bba371d0daff84da0d2fe18919282c7609b92178c593f2a2b351172
12345	-3	-7	coordinateMapping	55ac43e0fdf0990e7d86e91f18172101cc5719ae8ff3122a7e38010f6d173f99
12345	-3	-7	raw	147c9e0f87f4b96ae90e66e1e09cdab348eb0dc3b334d2498185372893d99f70
12345	-3	-7	sand	49ba02861e8c67aff5ae55e7b814e9ab0dcc916e4c308e38b02fd3e1fc41586f
12345	-3	-7	gravel	f3c3f5c5eb22f9b5ad2680b31c01cfb9638006b8475110a0a8d9c4c8cb1e1d8e
12345	-3	-7	stoneDepth	6dded6015aed82fe4b3cb19075509b49c006b229edc146cf925b036f879ce13c
12345	-3	-7	surface	4bba1250f0c3e1d81926851c191a37b1af07fef169e3d1474347b42eeeedfd33
12345	-3	-7	caves	4bba1250f0c3e1d81926851c191a37b1af07fef169e3d1474347b42eeeedfd33
12345	17	29	temperature	232c7a4505d51bfd78a5d03e58c91ed8f38638b82e3f92f7b8448188e22cb00e
12345	17	29	humidity	7f15022b0812431e1f9b6361226d90e0a422f4dc18e5ac16af2bdb1a1363ce5f
12345	17	29	biomes	7a2756698686323d3276340e3f2965823c07965228968447a5f57ae5497d5ae1
12345	17	29	scale	3a91ed717538d9a56ec5fa5a7e01575b7257978fefbe09590fcfa9ada0f86af7
12345	17	29	depth	a3c47317db06f213cb0739751d6254f1b0448ea448be074d0624df7f4b0d022f
12345	17	29	selector	a98b2281d7916216b1bcf274b5fbee6791c6a8351b96ac1ac45f19c0fdef4fee
12345	17	29	min	a442d3c4681466066e880056e234d471782f2a922b1fb2058104a5f489baefc3
12345	17	29	max	7be961f61972923c8b9924501e0f773bfb5c00c35b086dfd51287d9bf51a3c13
12345	17	29	density	9278721f7b76239e01d7073ecc8bb06f41016140b72c3ca29fc35f6db8eed144
12345	17	29	treeCount	86a8992bc7d1e2de57a1740cff06b5d67e8851eb02538babb89afc6326495d7c
12345	17	29	random	dea4345b1afa6d681caab82b2f4f139f591e6c642cd736accb777caa93a4f0ba
12345	17	29	seedParsing	789b4f031bba371d0daff84da0d2fe18919282c7609b92178c593f2a2b351172
12345	17	29	coordinateMapping	eb69ecfd8d41cac57b7f31dea04ab37db9cb8be9eeddd4225e14b4948b5731ef
12345	17	29	raw	451589dfc24a7636589a3ac030169bfe4ce3d87e5437a8c88f0fbeea4a76d5c5
12345	17	29	sand	850e92e7be0b3d0981491d40b05b155ad250c54275b5b847194c9146ccf2180e
12345	17	29	gravel	c2f77ec815c02c33f5fc995e506a1b87fb15eda95bfacb7786f6621c619abce3
12345	17	29	stoneDepth	84841b02e5669c7d3b2e3bd3ee7f1459f0f203f92a68107e6473d2c4e7854822
12345	17	29	surface	d61b350655842330771cb5b0a0d4329e90f4c8fca61e1364a5400fac397fd492
12345	17	29	caves	5e91e0ed3093e30c81ff3491f1ba1b532b5458b4369008f41759e632bf021401
12345	784426	0	temperature	c10603e3ae815c84847eb4bc3753f06e4bb3fbd95db159f96942363fef932f16
12345	784426	0	humidity	915ff67fdebc04b316c3adbfd8e84dc07b166ada6ad8fcb9192b59a04a9c6ef6
12345	784426	0	biomes	d3be4c9b1a8c456b086e6088dedb6d6c1ede0a5939854efca922403b01e97ba4
12345	784426	0	scale	fb873d0b3de0875a415de6605f6b140b1a35e99d10469601bccbb47bdc034202
12345	784426	0	depth	54eadce8ebf9613feea094e9d1ae53067db46774baa87ffc7ee80726b31a1f54
12345	784426	0	selector	f10360703741b45e34acc0a234911774e4d50e4d0982e67df9970a2f9f968e8b
12345	784426	0	min	87d6fddfabbbc2cf3199198da3ecfe63b0929f545931a7d492d21e6f1957132b
12345	784426	0	max	ff861bf75107615204af29f9273cd3112756a7471616efeac6d03c3040abaa08
12345	784426	0	density	1be07197ea639bc3e4105773990b6729b6ea0f602d0c2ab26d012e1b96e178a3
12345	784426	0	treeCount	08b9e07f7e46ae32db3960a0d00ebbe23d2ccca72f23501fa9050bd9c6ae39cd
12345	784426	0	random	dea4345b1afa6d681caab82b2f4f139f591e6c642cd736accb777caa93a4f0ba
12345	784426	0	seedParsing	789b4f031bba371d0daff84da0d2fe18919282c7609b92178c593f2a2b351172
12345	784426	0	coordinateMapping	92a4d7e5cf433906f0f3477b5b42cb71731b6127d939f76c66304e560f0d5198
12345	784426	0	raw	556799c7a691e591738ad0a13a9d57a9fb3511eeb2ffd255b5f9216538cb8a14
12345	784426	0	sand	6d593d99c5a335c43fb41ce1fa5abf547ed67c2bec766f82e9e5f45e3ca272ae
12345	784426	0	gravel	febbfa6426485ca7838a8bdf6c203985f92545adfc4eb576a43de24eff49a14f
12345	784426	0	stoneDepth	7491cdd6e317059f4530802b7989d3f985113d7041d8e9975bcb266e0788af5b
12345	784426	0	surface	fd87bef7e35c0ea0e774a4ead5c8c7ffe1ee5313900cd3d70702779964534956
12345	784426	0	caves	fd87bef7e35c0ea0e774a4ead5c8c7ffe1ee5313900cd3d70702779964534956
12345	-784426	0	temperature	fd4fe01eca955fec5ac64304d9737b007e79b3384fee66b92aec92b8cf211eb0
12345	-784426	0	humidity	b052cce9dfcdd54e0997f6f6393025580a29a6974ea378b9e992262b64087d17
12345	-784426	0	biomes	e0c1f4455783b6b2f152b526c2a73dab0f5c3812b6300ee12913371616f65034
12345	-784426	0	scale	369f9ba5b3bd0335f0c020c2b06211ad1932da0574702cd3f5f590ecce8ba619
12345	-784426	0	depth	0d50ae5d3e53a0aaea2b60c150f832c38886dd3a11bfafc92d9386b4fc618525
12345	-784426	0	selector	b46f4355565f639ae948e24f25195faf7f663c1975789164d5173fa12211be23
12345	-784426	0	min	0861e0e14ef303187f2f1712fd26d5b881601e241856958146b1be4f1c0f0cc2
12345	-784426	0	max	1f20da449b406e0013c981294d588643e21682564183d574b339fd7ef9ba77a3
12345	-784426	0	density	9c928994ff9c223d6e950d4264ba11c466041f52ebae140c928c7da041c21b33
12345	-784426	0	treeCount	eee7ca20d4348c62e10660b6d665810be296648204a0018cf73a184e7f3c4058
12345	-784426	0	random	dea4345b1afa6d681caab82b2f4f139f591e6c642cd736accb777caa93a4f0ba
12345	-784426	0	seedParsing	789b4f031bba371d0daff84da0d2fe18919282c7609b92178c593f2a2b351172
12345	-784426	0	coordinateMapping	0250691fd9bb78c6eca21ee7d3e56faa072e8ab273aee215b0fe0cb1da80cfd2
12345	-784426	0	raw	8f69f598963a8dc0777eb5e292865c2b164035cf38ab27ccd8febfc08dd66b39
12345	-784426	0	sand	cde2cc4c5a1152544ac2118ba8573c023e1d247074366466e7aa865c59659ea2
12345	-784426	0	gravel	b02dc3749ca5fb05f0765e824989c278c8fdbf12130423477191b7433efb4f3e
12345	-784426	0	stoneDepth	5e1c874018ad30b045a7623f7dda89c86bec55069a235e5f683f45202eefb6c7
12345	-784426	0	surface	8b45b276d3389db61e92ebdc91a995d0266e9d1159eb6ea84582b86bf93e053c
12345	-784426	0	caves	4b79d7fd75e5224ce7a163b12aa9503d24714b5595bb538714fa60a986d37485
8675309	0	0	temperature	36dd385175b92f92a1bc1b1981d01fbc8f7c194c44dac848e0ccf9db154ff4c7
8675309	0	0	humidity	b213cfd71ad8a6aad2f9d7720e032c936c95ea9aa79c95dad948c9d00aa373ca
8675309	0	0	biomes	26b6aa7d6374d76c54a28e63a5d6554fa13d6f2dca55d9028e56ce4406ced9b5
8675309	0	0	scale	faf367c29b5549bcf53ad55935b9a191c336940ddc4f2ada343b8aaa4302eeb1
8675309	0	0	depth	cfc6dea86e72492964cf4312c0f52ecdd4d8dff1d892ee65423d47b3de5f9126
8675309	0	0	selector	a8c3a8728d1a2ce762a472043af79a7e92d53423c3d5f3b3c1514adf370c9e8a
8675309	0	0	min	ab353f49b159dee31cbb9f5386f669b976cb2649d0bb80ba4fe89fc56a08851c
8675309	0	0	max	34741a725321cc38be20b8ecfc4e1959e49e2b6786c2d9dcc7eefcf8f3ba6af4
8675309	0	0	density	dd326a0c2703e8657fca437669888b08b53c41bdbe8e00f10fa981e16c751718
8675309	0	0	treeCount	af02de356127f50a03cfdd2710d8475f2bb2bf424f5e570dae36811ea7ce94c0
8675309	0	0	random	38cd395468e815bfadddb598ceb135f79a0d8bcf5bba003167b88eeb37a68ec0
8675309	0	0	seedParsing	789b4f031bba371d0daff84da0d2fe18919282c7609b92178c593f2a2b351172
8675309	0	0	coordinateMapping	23ff23c4a3a736d2c33ae3c0655e8328ddf6c0880e8443e16e4868e411d90127
8675309	0	0	raw	5af2a2cfd98435bd8127c4ad910c1c3d7a426f3006f592e62f7de44c245d5d26
8675309	0	0	sand	354dafa6062b0011baf89f7c4e0cf3ec727ff8a1099627e0c8ea9dbd750b7bcc
8675309	0	0	gravel	cfca01caa2fa3d77404955a1e9a5ee1a82f48535a0e9ad8ced78cfaf410ad742
8675309	0	0	stoneDepth	5663a29954788f5e1f41a434237401ede67fdfa173eb7b1835ebfac0b303ac11
8675309	0	0	surface	73fa72656146435fa7635a29f895e7eb07188b5bb6018cb94148cce4d9e3cb2c
8675309	0	0	caves	652bcef9e50d35c4f2a7f29f0c8ca17df458d1415077561f0bd6e3f9baf72f58
8675309	1	-1	temperature	4e22aea2c5105034338030fd1a7843c2ecc979a2609aae1de3a8568b15272340
8675309	1	-1	humidity	7067273de95eee4c05c1dd7d799d9b810681bb450772741a55aa337a6e00399a
8675309	1	-1	biomes	f9e6e29862a308a3fec4fe9511a5bd3a328b68e1cb40afd4bc0c7a02bd15461b
8675309	1	-1	scale	fd308ccc85f1f47a84e1380230010f40e2d6220adc272db5a7f0abb5f565d788
8675309	1	-1	depth	31ba489bdab21f1f5d4ceefed612f8ef7fcb56da89b760870d66ae120efe0b5c
8675309	1	-1	selector	500c4cbfc0767d50a738563702e115ac5d3f62e69a6d8caa23c969f87f17c30b
8675309	1	-1	min	b89612e950d551072ec5ca00d5047b8395fb740c96ebb1426ab8435ee9828987
8675309	1	-1	max	8238a2d813c660b0de2c6d7d8dfffd390d02e1c1cdd686adb652fd0d26f68b2c
8675309	1	-1	density	28dcce3a8dfb6295c462e575b452d10e32931a9233028bb0e56c30b6b7266114
8675309	1	-1	treeCount	873b21ce6c94d88857c05bc3acdf9e5d9123ea0a1a839d3a90f83a674a49fe6c
8675309	1	-1	random	38cd395468e815bfadddb598ceb135f79a0d8bcf5bba003167b88eeb37a68ec0
8675309	1	-1	seedParsing	789b4f031bba371d0daff84da0d2fe18919282c7609b92178c593f2a2b351172
8675309	1	-1	coordinateMapping	29866784e25b148428acfb6102b82bddb0d944780a3fb4a0fb459970a433f71b
8675309	1	-1	raw	027d5e93d11fecb6d690a142cee634f14da326e374df400022143719e8138b1d
8675309	1	-1	sand	6c60b977b3ba4c09da767972a381254a554bb8a88451ef6afe61daecb4a89eba
8675309	1	-1	gravel	bd0c3edadc458d07ea0e66d1ae346aa33ca618b94d8e454b85706e05ccf3afdf
8675309	1	-1	stoneDepth	785d67157072de5e45804d8dc3c5d6822141bc853c82a69eb038fa8887986749
8675309	1	-1	surface	35ec2c31c83c4116fbdfa80c71d904e4345a24aab27ec353263db561bcaedfe5
8675309	1	-1	caves	ea5aa2e06f9655fa20f86bd510086dcc2d3f335c024c0d40e76648f39fb4cef9
8675309	-1	1	temperature	3107b5da1d64ccb859b0564bc71019a2c21fc2de7566ee99bb28c235cb2ff412
8675309	-1	1	humidity	8ce8d9b4de11fd5fc8e440dcfa579a9acbc8fea447e7c82d4b34c1c9ab69eca8
8675309	-1	1	biomes	f0fb5c6de7f921a0fde6394d2d46b316d775ff58e5d2abec15a0436faaad2180
8675309	-1	1	scale	f07d0f070595237e8525622b2fa28b58eb259157eae1c0ec74b0f65ee95b5f4d
8675309	-1	1	depth	6de307bc4002ad187e61b5d90f247a3cf95bb6305c80f6068b6138b11a8ab5dc
8675309	-1	1	selector	0ed3dd777f558123172c227d25bb7811aad53f1c0c30f6940920282c4da90540
8675309	-1	1	min	6e0c772e514080b58c4ed444780a0df3a7b68855bca4c25b66f64a9d7537c14f
8675309	-1	1	max	fcb87b23aa27aa2b0a43b6df7c67aea434466e621171f6ccdff9ff2fe36f50dd
8675309	-1	1	density	9801d9ba207448e61a49ae304fb80d4d9f29cce27e6e4ec616ac9fdc09516553
8675309	-1	1	treeCount	5260a5bd3ba5af222090eb2414f7d39bacc3a5f6b53c3874a2b62ffd9e8a79b0
8675309	-1	1	random	38cd395468e815bfadddb598ceb135f79a0d8bcf5bba003167b88eeb37a68ec0
8675309	-1	1	seedParsing	789b4f031bba371d0daff84da0d2fe18919282c7609b92178c593f2a2b351172
8675309	-1	1	coordinateMapping	b77d4c52724aeb8cef893190cdd6daec0dc241c60203ee33cf1416c3f07c7c75
8675309	-1	1	raw	083acc14393b7ee5ca5263f45c8c8757eb6e68698b4b58bff38b1ba80aa33a00
8675309	-1	1	sand	da83ddc7f14efafefeeed059572cb6c422c7f1f6cf654be7ea5100ce68928f8d
8675309	-1	1	gravel	2f8755313e1ced6ce2b10a597e7c75591203ff5b5427e4b9dbc626dff2984c25
8675309	-1	1	stoneDepth	6539c86c2d82db869aacaa937d1efa91e5e9e37fa9af2daea0c6e027572f8177
8675309	-1	1	surface	b02cdf26edee48836a97b8a3ad7e6aafd19b19bd222713d43431fb2ec0475ec6
8675309	-1	1	caves	8f131d6ff5b3168d6a5c42df5871ff4eb8f6fda9334f7c34fb08d8d9965ca710
8675309	-3	-7	temperature	f309ca89fe0fc601dc663ece4f65c59050120be71da068afba0f9aee7d3ab7bc
8675309	-3	-7	humidity	422c86b786c49727f52170a54a3c8bbd2b537b533653459a265530a32cd12a30
8675309	-3	-7	biomes	b829df7505d33aebbd9bdf7061140374d174c4a156fd64c65dbe30c4eb20decc
8675309	-3	-7	scale	bba108fbfc3ded41c2047f522c1d08f572826bbd52acef155c1d8b56edc3f59a
8675309	-3	-7	depth	c8fc72238782b9ba88cc545baa1054cdb07b447bff4d33f7ba8d4f0c4c140a48
8675309	-3	-7	selector	15d6737484e05ca5b71b20a691fd6a112206bdcaec7171560af45c04280ee924
8675309	-3	-7	min	a8d66014cc784cbf5e4a3429cb903e1a8b4a99a62c80867146fa963d033dd2b0
8675309	-3	-7	max	89127a5d689d917216efa7ea0d23aaa170f153f719de6ba4c0f4f204f39ae254
8675309	-3	-7	density	9af5e233db1b39a2b2e9988bd2c87a8748eb3cf158f262cac1230e693c181ef5
8675309	-3	-7	treeCount	859969d4531d149a167567ab2e5013dbd1d8189e5dcf7f39b71de3c23f6754c5
8675309	-3	-7	random	38cd395468e815bfadddb598ceb135f79a0d8bcf5bba003167b88eeb37a68ec0
8675309	-3	-7	seedParsing	789b4f031bba371d0daff84da0d2fe18919282c7609b92178c593f2a2b351172
8675309	-3	-7	coordinateMapping	55ac43e0fdf0990e7d86e91f18172101cc5719ae8ff3122a7e38010f6d173f99
8675309	-3	-7	raw	199347b5fe393b0bd3de69569d5d012622e676e9e44a02af4d39e5f089aeba09
8675309	-3	-7	sand	b40f43c397ecb8a05c0f7b88745c6a05a4d58caa1660b71edc400a53b7b852a0
8675309	-3	-7	gravel	ffd58d717ee6e7b778f4564ea3fbf159b4b8b7574d9716f970c4266f1ddd7dfe
8675309	-3	-7	stoneDepth	be2aeff6c98ee3a8f93e2cee0e23f68c734d8c4e14a1f6ded40d3f5f13623d5c
8675309	-3	-7	surface	476ab2d83bb39a8994137af124a0991142fb66cb86cca1ea28c8f0a5db71ef12
8675309	-3	-7	caves	c5b26566bdbb021a608d630da42084dab8bcc73e6696291c6a41f3460130b6fc
8675309	17	29	temperature	8dc104c55f63db6807386765c66a94fd8a9f432060402fae6b24563bfc84ae41
8675309	17	29	humidity	2eb571fcf954733c5b3c2581708f64bdbe92723b3454749ad86fbab2913c38c8
8675309	17	29	biomes	1fd2cb9489238bee1264f8d4dfb42481eb261ee6ce9520e55afff806f0b55f2d
8675309	17	29	scale	500903859185b9f582756f974450b89601cae1310ced8cb1b5c3c7acbcb0c95b
8675309	17	29	depth	1291b3e4b3f25c58b30184fa18c5857fc5b774a4e5a7ac8cb05e0c1147a9a616
8675309	17	29	selector	bf29bbc6f3ff4658447bb17e4b21aaff9921e92593a9c1a0f1ae1b219c7f8fb5
8675309	17	29	min	459b1868f2b3b1daf4ab723267de81fdcd5a6644eb5624cb24fcfa135810c50d
8675309	17	29	max	deea9a16d1e656395cf579838a663971cf5294140674f229156ab07d3feb218b
8675309	17	29	density	ffe501fb30e8cb087e5b809536fa7ec6ed9b55de4a804a11ccc19fe5cd6be3cb
8675309	17	29	treeCount	38e4327584ebc2ec5a60dd93c2238b17f4bad8313e654e627d00b2c849445b76
8675309	17	29	random	38cd395468e815bfadddb598ceb135f79a0d8bcf5bba003167b88eeb37a68ec0
8675309	17	29	seedParsing	789b4f031bba371d0daff84da0d2fe18919282c7609b92178c593f2a2b351172
8675309	17	29	coordinateMapping	eb69ecfd8d41cac57b7f31dea04ab37db9cb8be9eeddd4225e14b4948b5731ef
8675309	17	29	raw	ffdd8385e708c00529087d6d4e6657a2c4f0a9f86c1f42e226394b62dfb314ce
8675309	17	29	sand	1720c0667b0b5b9737ea5e00c3a574fcd95da84ae25c57edf8f8d33a9bb5d0e7
8675309	17	29	gravel	8a05c5228f0c42a7f96c025fc885a04a1e1b21c130dae9efe599aee3935ef2c5
8675309	17	29	stoneDepth	19e655b20e4799a725615e35b88184bea61b6f04fb6e4929d635e654d68f9d7a
8675309	17	29	surface	4755eea733728b7272bf25433b4120b3c104502eae4a2389540571c6569e9a08
8675309	17	29	caves	7f2fe4c1bccc69459397236e401da20bbee552f9ddb6b06d8b1fa33f38543c6a
8675309	784426	0	temperature	90dc2270c2ea8cb5a8845fc55858e2b89de1a8cb71e1151016fba152d8707557
8675309	784426	0	humidity	850dd96fc7db8406d92a244f7fd2d393098171d917f4bccacc7afa68b68e87bd
8675309	784426	0	biomes	703efb34919ad59d20b95cbe364d94c8fbdad1799590eef4db23d5ae7dd7c919
8675309	784426	0	scale	0f5f37b2c06fb6f53ce0988719af06fcd581fae91fa9743cc7fcd090e26a3341
8675309	784426	0	depth	c216db41814e6b868763d1d3e971b4a61c26876bed58d894489e5a3fad429b22
8675309	784426	0	selector	a8a4105142fe1b03ed2ae6c11a6fac517352e3fc6d4115b012a76df4765a7f5a
8675309	784426	0	min	87afdfcb1f85d50f0faf50cd0168f936d86594c7fea9ef923b8c8ca7fca94f86
8675309	784426	0	max	2eec4ba3cc79f2ceb5825714e563f644e9fe3d1830db32c20418ea1973bf4881
8675309	784426	0	density	38046a7e20d07b69ee1e38cb193e6d485076c736b1a020a5258e4bf3a34249ef
8675309	784426	0	treeCount	7378cfcd545c7a7c6d40ad73253a9d0f1029c3cd8134f09714b0bfe9390766d9
8675309	784426	0	random	38cd395468e815bfadddb598ceb135f79a0d8bcf5bba003167b88eeb37a68ec0
8675309	784426	0	seedParsing	789b4f031bba371d0daff84da0d2fe18919282c7609b92178c593f2a2b351172
8675309	784426	0	coordinateMapping	92a4d7e5cf433906f0f3477b5b42cb71731b6127d939f76c66304e560f0d5198
8675309	784426	0	raw	5c96b315256bdcf525fa1932c17a3532487198a4ebb7c95cba328f1fae6ba3f5
8675309	784426	0	sand	c734e77087ef0650217908745b00ae207f07f8fd843a1798e99e3a03176a9a61
8675309	784426	0	gravel	0a52a3ea96457f6f41ff4721f83916f3e53dfe5008370fd7b39ee69d87b48c08
8675309	784426	0	stoneDepth	78c8fe9c1b9f4deca7b94771b485308369163c2fb95bf2ab3f663f0a5b9ed7a1
8675309	784426	0	surface	d3f40895772be48dd411847bc58fd3afdd3241703dc5e2d2c64fe316646816a1
8675309	784426	0	caves	c8e89b46788d2c030bbb49872ec3c4188fd27996160ad9f32dc92d747ddcd1e3
8675309	-784426	0	temperature	b66b332f2b0252474f706bfcfdae94c48804d3f1c5f5e1ba123a5fafbcecd3ae
8675309	-784426	0	humidity	e61f2183c26c494c9f0d6dbc0603738ffee26858855a942783f26f09e2343917
8675309	-784426	0	biomes	e0c1f4455783b6b2f152b526c2a73dab0f5c3812b6300ee12913371616f65034
8675309	-784426	0	scale	e5ab85e9e9204081eba72cfb2aba86c424f37dab0794490a7d42ce7e86cb719d
8675309	-784426	0	depth	ab8ab4fccdfeb5f0d6233a35110bddc19b43c5b9c5797824c732933048a606c7
8675309	-784426	0	selector	79db7d9b096681e8517eef46a2d336aee00b7754156e41007ae1c4db60ad794b
8675309	-784426	0	min	8ae598323d788920aa09f1ad422c9004620b29aa276314f3669122f0166bd0fe
8675309	-784426	0	max	9e2222bdafcc68e36262655a2c8e530e82067e42ab065df3f2f872e5d757e420
8675309	-784426	0	density	184e430bcff9d17e18d80d6f718fb6c3f883a1a3d172acc543030e818cada6cd
8675309	-784426	0	treeCount	786bd861e9ef3ed038009419e8a3d174fb17a99de6fd63b7b851c70af2b91a68
8675309	-784426	0	random	38cd395468e815bfadddb598ceb135f79a0d8bcf5bba003167b88eeb37a68ec0
8675309	-784426	0	seedParsing	789b4f031bba371d0daff84da0d2fe18919282c7609b92178c593f2a2b351172
8675309	-784426	0	coordinateMapping	0250691fd9bb78c6eca21ee7d3e56faa072e8ab273aee215b0fe0cb1da80cfd2
8675309	-784426	0	raw	83deca8537f5b1f67dda30eacf9249940a4eae5cf803bd25c558434f7156aee2
8675309	-784426	0	sand	f2cfe6f9070fd9b6d6e06dc6a8031f67d8c21b76bd170019b9cd247864bf0b9b
8675309	-784426	0	gravel	6966414b01c01f2035cf20ddbcb1fcc71f894d9ba6ac8ba94f12552029093874
8675309	-784426	0	stoneDepth	51d84e3e9df1958ed22e53f3c32252cd781b58c48bc7fd81d52de8f252e80521
8675309	-784426	0	surface	6af17b9ce3625b84564cb56b584e1a7f3729a7d277201c55d79e9af6336a1a04
8675309	-784426	0	caves	6af17b9ce3625b84564cb56b584e1a7f3729a7d277201c55d79e9af6336a1a04
-1446162294	0	0	temperature	7cc588f767a7572df3011d27afbbc441dccbda759063cd899a8cd876fe4de96e
-1446162294	0	0	humidity	4ee29c862631314c6f5c6a05c18a4eeddf751259e6d4b3b375330ab18d19c34a
-1446162294	0	0	biomes	d85944090257d11ddeefe9d7fde69c8d32dbf4f9e80142f973a4df31e5d0429f
-1446162294	0	0	scale	6e78987affedd3e1e02b96eec18d7eaacbd3534f63074f74fa0ec213b6ffdb51
-1446162294	0	0	depth	9f4e4cbba16ea85004cde5799af7523e089de379b6d1de76e81d024b8db5e404
-1446162294	0	0	selector	55df0c2aee3b395fafb062e54b0dad8e16ede122e8221c5c8b7f488ce94eced3
-1446162294	0	0	min	fd6b5483ef8d1d0a46ca013419e3c5fc53b88c7ccee46a473ab1b6eea6f54a09
-1446162294	0	0	max	ada814063ffae74e4bf6f3ba6ebf29f3162b893b7cc6d3c556ce337c8fce2b22
-1446162294	0	0	density	0553f4f2e9f0937b98879deac0ec30fe6fca3e6a9331326eb798fb46db4e8175
-1446162294	0	0	treeCount	176b3eb972a89f23fba2194f157ba456d7d1d7a456cd1761ea8972d74ac78652
-1446162294	0	0	random	86cc3118dff5f5dcb65fd736af2e5c6f735224a749fce242bff8e1b1683a6aa9
-1446162294	0	0	seedParsing	789b4f031bba371d0daff84da0d2fe18919282c7609b92178c593f2a2b351172
-1446162294	0	0	coordinateMapping	23ff23c4a3a736d2c33ae3c0655e8328ddf6c0880e8443e16e4868e411d90127
-1446162294	0	0	raw	7052756bfecef3f59ac8558b2d52bcc25cc7257d553657704dbbcb0187ab318f
-1446162294	0	0	sand	861e4d7985f60e46f827331bce28f5b8b18ae9c12bed00150513fab68f313b3e
-1446162294	0	0	gravel	235f15b3019ab4c74cb7581596e225cb9cc4c19c89d46424e03b1bad75e5b0c2
-1446162294	0	0	stoneDepth	f8b52b7c9ad694c6f9c4d59da32ace83ed67bbb75661a76198bd11927d23d9d6
-1446162294	0	0	surface	ebe8fdd3bea62eba96e5c80b66b70535a6b4c653994ba6fb79f56f7129cffc3b
-1446162294	0	0	caves	2369690935b7491c095f6ab77ad893100005e043d141db20ed5a1efa7f70af45
-1446162294	1	-1	temperature	9921ca28badd9260e5adc455871b23fc140a14ac27bd14b3a7c9130b49ea9a1e
-1446162294	1	-1	humidity	571074f555e00e0dd4522b23957ff0c9bcf7ed1e1f83f128f4ebcf0c4bcfdbd0
-1446162294	1	-1	biomes	1f4f5acdf2f0c34c4941542835dd0cc3f8fb6054a4dd60393b364707918f3c47
-1446162294	1	-1	scale	36aa60cf8b4dc1723750acca1183b8ab5e2c523fa52734907b6fb1d297f8fec4
-1446162294	1	-1	depth	3b9fff3bedf336319bacce552de0d9254825659b9c186dc2081c93a55fe84464
-1446162294	1	-1	selector	1ad76a9eac7b1bc2b89d4ec84f7c802e6138e9d217a2f108e1b511a7c48fdfd3
-1446162294	1	-1	min	fad7ec15dda6819212ddaa3c9f65b9436fb004fa60e649f376da02c72be71008
-1446162294	1	-1	max	6374a0d2ec7dc4a5839392d18c5c6af224eec2363ac3dc9add44001fff5fe57f
-1446162294	1	-1	density	842f8d78545e2b8b6e85035bb98438b4f706ce882c4ca6f2baae247c2c6a4151
-1446162294	1	-1	treeCount	4dd521d1750283128a7abe5fe8cf4a1c93a026556d6db0d1bb71e866258697dc
-1446162294	1	-1	random	86cc3118dff5f5dcb65fd736af2e5c6f735224a749fce242bff8e1b1683a6aa9
-1446162294	1	-1	seedParsing	789b4f031bba371d0daff84da0d2fe18919282c7609b92178c593f2a2b351172
-1446162294	1	-1	coordinateMapping	29866784e25b148428acfb6102b82bddb0d944780a3fb4a0fb459970a433f71b
-1446162294	1	-1	raw	bfed3a00b8d700a25f7793a11371ee6c7a98c8c19ca55c7e3bf17c48a2e9b0d9
-1446162294	1	-1	sand	63b8fd109c988dc775f1ab068934b4f01b0e5ba9d6120dc7a483856055f633a9
-1446162294	1	-1	gravel	3f541eb83c45e19471ea357207a2207bd8b9a4e5d9331b4f66d3672b0d21d315
-1446162294	1	-1	stoneDepth	97e3789faff72c40897a4360658339154e0f39973e33ed23f4aec91c82ab3102
-1446162294	1	-1	surface	d018eae253468e48471fccebc60442f5434f1ecaa6f28011400eed467db8e177
-1446162294	1	-1	caves	289f66bb4567adbc5114c4673f9e21f26d39b322ca60e34a856fca089955f5bd
-1446162294	-1	1	temperature	dabb5526a7a4f9faf442385701f55840dd4087c5a867f2dde3c90d3ff178f42a
-1446162294	-1	1	humidity	5843de62092928579dfae79a329d5d1dee48371c2d0e2e37a741b66df253a187
-1446162294	-1	1	biomes	17f55087fc3deb6f1d78306ffa4e6987d5480e156a63bc34b2cf721aeb33a6e0
-1446162294	-1	1	scale	ec939241cb863ea6cad00286fb55adaa02f5dd74a43bb5b53d4a8c7cad05bc35
-1446162294	-1	1	depth	331faec231f23a465b4d39f43bff9fce9ac647309f39ffdc36b792a5fd0ba0a7
-1446162294	-1	1	selector	86e26ddcb3a4ff78e799705e86a4499968aceb9ba6985b7265a8d7974fd6db06
-1446162294	-1	1	min	115f543e492fc90901415c53078faaea210a2a895449b1f0dc435aba51a59d9b
-1446162294	-1	1	max	d69ba5e3bd08c2d2d4c87c8bf4e7e5cd480a9b0450f4068024109854f508926f
-1446162294	-1	1	density	1252386ad7cb6ddd13f44c70faafe9f42b4d1ae326ac22eff1ce73be19d06a8a
-1446162294	-1	1	treeCount	e3c37642a1ab359599d1c23739a7fe539c2bce09311c5cbabb04cfb29f47f48c
-1446162294	-1	1	random	86cc3118dff5f5dcb65fd736af2e5c6f735224a749fce242bff8e1b1683a6aa9
-1446162294	-1	1	seedParsing	789b4f031bba371d0daff84da0d2fe18919282c7609b92178c593f2a2b351172
-1446162294	-1	1	coordinateMapping	b77d4c52724aeb8cef893190cdd6daec0dc241c60203ee33cf1416c3f07c7c75
-1446162294	-1	1	raw	2195e10eb7836ea055841a910b7aedbaf879eb4b044b885988151173eb1e54aa
-1446162294	-1	1	sand	ba1eeafde4fee169344a911182d84226ebf5b8e5bba62258750a8d16b552c0dd
-1446162294	-1	1	gravel	8572737b73aaf028f8303b884c1bf96d9ca6b128554c59c0142936f3696f412d
-1446162294	-1	1	stoneDepth	3517a0821eda6fb1d764b9550a066e3541d02a8535cfa84d88f33de4e8baa612
-1446162294	-1	1	surface	7a8dffe02bfa45e643c6a085e63b90a47c9f3b08aaef0926e4a62f8d63cc3e4a
-1446162294	-1	1	caves	24982ff4791b4145dce367dac01f599321af449642ffdbe2dbcdc3325b8f9a23
-1446162294	-3	-7	temperature	076a7868f50d51c5c46dfbf9aad949ab6d0940489bcd7b289ea473568946694e
-1446162294	-3	-7	humidity	23d1673c2bf5ea78bda03423d61d1fc27e3777f1752ea402b9aa0e1227e0d34b
-1446162294	-3	-7	biomes	6a8fbdfaf6d2d555c6cc115b33170594f26c869f1e0de35c4b17f1639a697b5a
-1446162294	-3	-7	scale	b68fcdb2b5368ea0af880dacbb0a2b597c08792c647cfd52892a57abc0f2ddcd
-1446162294	-3	-7	depth	601376933cf7678e79fa1993c7f9b32d65e6b3d1fc97a9eb56960ddc887e6f5d
-1446162294	-3	-7	selector	cc85382cb4e175ec3a124d0267cf3051eac177d87aed7e4d2dbfa6b002037070
-1446162294	-3	-7	min	c5b0441d48ea239a027811c0f3eee3302701fd98f5d78269c20e0a861fde6daf
-1446162294	-3	-7	max	1537f97545ac698e0f5831b70e9a9b24d57cef2dda0b87a95240d40236377764
-1446162294	-3	-7	density	bba5ab8468622e6598699fa23b2a0447988a811693b81097933b51fc3de9a6a9
-1446162294	-3	-7	treeCount	da3149b180b2831ad716b340038c65fdfcfedd8b4d08da7c45b0e2eac0cc7437
-1446162294	-3	-7	random	86cc3118dff5f5dcb65fd736af2e5c6f735224a749fce242bff8e1b1683a6aa9
-1446162294	-3	-7	seedParsing	789b4f031bba371d0daff84da0d2fe18919282c7609b92178c593f2a2b351172
-1446162294	-3	-7	coordinateMapping	55ac43e0fdf0990e7d86e91f18172101cc5719ae8ff3122a7e38010f6d173f99
-1446162294	-3	-7	raw	f13bd493dd86a6d5952a7202d9de399884a5eb0f11c795cf5c17ed55b19b9b29
-1446162294	-3	-7	sand	fd8e71c9634c84692432cd2114fb43918619ca483e5abc1a3cd002c74b683845
-1446162294	-3	-7	gravel	4fef011b4d11419967f535b60c74cf219b4469190277a4e2443cfe79cb7c555b
-1446162294	-3	-7	stoneDepth	74b772048fb3aaaf1b7cc9e06a3ef2a043bb71113da00a3f838d1ba80432da44
-1446162294	-3	-7	surface	4427f4a2413c81801b050baf609623fcdd74248edeea06eabd26fa8cc37312c3
-1446162294	-3	-7	caves	4427f4a2413c81801b050baf609623fcdd74248edeea06eabd26fa8cc37312c3
-1446162294	17	29	temperature	46200331a0097d7ddf6b9c2c91bc0c1d1caec0061bf5d407805cfa97a25216bc
-1446162294	17	29	humidity	e9a0485ac6889a0a81232250782c60478f65f7c46218ba75d1cd7a4096b89223
-1446162294	17	29	biomes	281d5c3db7d886bb4bf3ef05596c0052fd1141223bd722e17f6c9f678dfff9e0
-1446162294	17	29	scale	e64f710c4f6775a72fe5972e28d8a61d3997528249a7e11adcba66b8a3653ca2
-1446162294	17	29	depth	46b80c78e89cac08e66499130779c7eb9984e47bb0c17af9a6cee9177b654e83
-1446162294	17	29	selector	b1dafbd2c513f90d0e0eb3fe2ea16f3458625ff1da03c6d99effae453646055d
-1446162294	17	29	min	f76043274524a07449cd3bcd3e3e69d2f3e650ea832a8bffc23c19ecd71e0b2e
-1446162294	17	29	max	7c52d42b7bb513374f62e72d6fa5f807c47b77a4b8590ba2672d2d16a18d15dd
-1446162294	17	29	density	3737348f5254bb8adc0ac82df7b1b1005b2ce59dd906a6a22b17b461bd8c0743
-1446162294	17	29	treeCount	618cad3a9475f5fa9fdaa6eaf34be9239194995e2eb6de700d36f5a89b68d090
-1446162294	17	29	random	86cc3118dff5f5dcb65fd736af2e5c6f735224a749fce242bff8e1b1683a6aa9
-1446162294	17	29	seedParsing	789b4f031bba371d0daff84da0d2fe18919282c7609b92178c593f2a2b351172
-1446162294	17	29	coordinateMapping	eb69ecfd8d41cac57b7f31dea04ab37db9cb8be9eeddd4225e14b4948b5731ef
-1446162294	17	29	raw	6f6114fc2d3a1d069e35e3e02fd4ee9d5e6381d9a005038af0d079d2a5aae832
-1446162294	17	29	sand	bdf3a1bf14b54409fd4ef25ff1b642f893933400dabd06282ed615bd3c96c3b1
-1446162294	17	29	gravel	bc1cac0a05b1cbc192f6f0dcd846a1626ea4d1142365f474140cb6dfe4f537cd
-1446162294	17	29	stoneDepth	1394acdc6e65afa2003f7860e440fd26e1f28891b2c3c740bf109917c4de2ab9
-1446162294	17	29	surface	154d84bc7509bc3e87a9f2ffc897478ed5f44bcdc596aeea80997f32e802d676
-1446162294	17	29	caves	50f76c4069b05574cf5ddd88280e136d17bb4000f90c6e0fc077c207d1cc7f66
-1446162294	784426	0	temperature	e8db933880f64625506314a1191ba6fdec96e7fc9e64261728904498bf66a4f0
-1446162294	784426	0	humidity	ad8103ccceed4453581ec357a3b1c3621bed9ddc30745d4df212f5a2d08bdc8d
-1446162294	784426	0	biomes	e0c1f4455783b6b2f152b526c2a73dab0f5c3812b6300ee12913371616f65034
-1446162294	784426	0	scale	6e28c499d9b4c065d27a852738db4b036b6328ac8ea1966f6b00d9c0a3cb9bac
-1446162294	784426	0	depth	ab826733c3b1cc764a7aaf834998572639e10bf2e1743916f016dc6ca1676c5c
-1446162294	784426	0	selector	e2a404bfcf282d81ed0baf9acb58aad1d2ac842c1cf792fb9c1ec953a4bc0cea
-1446162294	784426	0	min	e4960e55ffc1240e14e308c1a122050795ed31ac5731809649b78c53a340224e
-1446162294	784426	0	max	02e7e98e7eaebf06983ee1c5c5cc1e942347e7bcc5d85243e24c8536c83227b3
-1446162294	784426	0	density	e00f74623316a902019c17e50ba08d32879ff38066c1da75bafb868164eec9ff
-1446162294	784426	0	treeCount	1cc613b828598d64127174e33a5ffac0d6c3fdd4a488914f64fe2a22d9cc7372
-1446162294	784426	0	random	86cc3118dff5f5dcb65fd736af2e5c6f735224a749fce242bff8e1b1683a6aa9
-1446162294	784426	0	seedParsing	789b4f031bba371d0daff84da0d2fe18919282c7609b92178c593f2a2b351172
-1446162294	784426	0	coordinateMapping	92a4d7e5cf433906f0f3477b5b42cb71731b6127d939f76c66304e560f0d5198
-1446162294	784426	0	raw	d60816b350d277966e5303b80392db2b9068ec6e9edf09338496bf0a0f3766e2
-1446162294	784426	0	sand	9cd6fca83d428207754e21a1872c4d587c6f9d6206c6786e7ec0a73d819e3f39
-1446162294	784426	0	gravel	7d9fc268b9bee16e134302c7c61571d0f0c7c38ed86f32f6a5b173f21004a8d8
-1446162294	784426	0	stoneDepth	e64e1a7a770f80a62bbe0059a4267d665c5acf5219f3609498d38e5198999b74
-1446162294	784426	0	surface	cec97fb80b4f4f91f7bb39ca9c5e3e4cb3d0ba35ad359fbc8c3ab43ff299cd08
-1446162294	784426	0	caves	20c45af44961f04cc229dade40dfc484c262f789f12b3ca27313646a8518f5b0
-1446162294	-784426	0	temperature	80b9652a543f09a5377817327ba60f61f39b15da67290f4a656bfba191b4b3f6
-1446162294	-784426	0	humidity	2b4c3d02b0291484e04850c209b8130ecc9288bb246cba3eb2f7125de5dacf8a
-1446162294	-784426	0	biomes	10ee980f0c411772384f5086454b27e1d02a2518378497ddba6a64aafe30f2ce
-1446162294	-784426	0	scale	2f87c68a9c301e0bd4e6ab04495b0a38b4777cb30cf2c1517638ae161af6f715
-1446162294	-784426	0	depth	04b266d439425997311f68d90e5883b2190875ce1adf720cae0b6ae666b3cb00
-1446162294	-784426	0	selector	441c4742ea7c23df2c46c3bfed237afce8a58abe676dad61b9bff2927996bf43
-1446162294	-784426	0	min	ff4ed7b74c4529d382bab33fbe7bcffe0c56f655fd185f1b37fc3d09c8356d4c
-1446162294	-784426	0	max	6de7eb780d254700807d4de9d21b701018ad9d6b2556dd6f9bf05516d292bf0b
-1446162294	-784426	0	density	7544343918f30f9c549be3f9d07f5ddda7249f08c7357a998d1eef21c4726a23
-1446162294	-784426	0	treeCount	6e388cddc230b9b3d8bb3eda7fb4c40572a233a4ea075b9631b5d641afeaccc2
-1446162294	-784426	0	random	86cc3118dff5f5dcb65fd736af2e5c6f735224a749fce242bff8e1b1683a6aa9
-1446162294	-784426	0	seedParsing	789b4f031bba371d0daff84da0d2fe18919282c7609b92178c593f2a2b351172
-1446162294	-784426	0	coordinateMapping	0250691fd9bb78c6eca21ee7d3e56faa072e8ab273aee215b0fe0cb1da80cfd2
-1446162294	-784426	0	raw	8b7a78cbee771a2a92833db5e01a690bd80568408292f78208bdc14b0d9d7199
-1446162294	-784426	0	sand	711dcd7090a2233aa29084a6c7ed3ea1edeb79e0f0d25695f70ef6a9017664f6
-1446162294	-784426	0	gravel	2110c5ae8804e84c3addfcbd54e4adef508b78bbf4be4bb876b9e895dcb6f8ef
-1446162294	-784426	0	stoneDepth	e61e52c97ea499bc15b0e66474b394d8efa169c14ffcd7257ec53c27477b6aeb
-1446162294	-784426	0	surface	ae264e0ee6cf6b55500bfc2d7c4d5cf6baea092f0a87bface71a0ef355213c85
-1446162294	-784426	0	caves	ae264e0ee6cf6b55500bfc2d7c4d5cf6baea092f0a87bface71a0ef355213c85
-9223372036854775808	0	0	temperature	db69f3decae13391fc6d32faaf31959c744fb451db905999aca7bbb554c36346
-9223372036854775808	0	0	humidity	39c66b0e64268b174f6ea45c344624f2b06740b81ec50d43d6e6d81a04ea723c
-9223372036854775808	0	0	biomes	e0c1f4455783b6b2f152b526c2a73dab0f5c3812b6300ee12913371616f65034
-9223372036854775808	0	0	scale	a8f1e1a47c1dfee59e625eef63e883125fd9f800be6d3300c675afbc14d3f3b9
-9223372036854775808	0	0	depth	6bd542a2416fb06926eddf15dbe82fd50fb29db511285c41f53da2ac8131f8b1
-9223372036854775808	0	0	selector	ed327e9723bde87baf5d83a716dd5fee69ac4ef8a979fd3a257634bee9b2ab6a
-9223372036854775808	0	0	min	7c2bdc0b472b8603269534e64791f573b686171b445c79b7efe1e1694399e781
-9223372036854775808	0	0	max	27b6e7848c0204ed62447c9903b1b25d6544dd0b2e844e8430366a3c885a5240
-9223372036854775808	0	0	density	2540b42bf3d675f9721a8b52066249594c81436d9fb34e6467dc71881666a383
-9223372036854775808	0	0	treeCount	f1de6da7c19843184baaa1b7a04350e8e8eedc30e88d6db27f2bd6a69fad8dd4
-9223372036854775808	0	0	random	3400215af85baab2db46a32154fca0fb6ba8c6f720017558485aa1e08e23da5c
-9223372036854775808	0	0	seedParsing	789b4f031bba371d0daff84da0d2fe18919282c7609b92178c593f2a2b351172
-9223372036854775808	0	0	coordinateMapping	23ff23c4a3a736d2c33ae3c0655e8328ddf6c0880e8443e16e4868e411d90127
-9223372036854775808	0	0	raw	60fcb87c1918d5586d5d88806e97c5f1dbca5624c21ac7a88a97a1f309c0e885
-9223372036854775808	0	0	sand	5a9afba9fea39b1de9b4fd9834a1f399c496e3a016a4566134f196290f186e2f
-9223372036854775808	0	0	gravel	3c9d940779b53cb5d2805fdfe8fc410cc88bb92a8a09bb794fcd3234ca253e64
-9223372036854775808	0	0	stoneDepth	badce7fecd327f2a707b10d50f5658a19f4f9367ae0259cd291e2e5be2cb9fab
-9223372036854775808	0	0	surface	f3012aa4577f527dabe501675e98a292e5eadba8ed4611ea1a23286a6951ae61
-9223372036854775808	0	0	caves	f3012aa4577f527dabe501675e98a292e5eadba8ed4611ea1a23286a6951ae61
-9223372036854775808	1	-1	temperature	85c25cf20825f7c2f1e87f14783a60be9a0911c263bf9b6bd98ba3df65b73404
-9223372036854775808	1	-1	humidity	46150e6716ab5d62fd242c9a4790cba3e51e49352f63b23ac444f42fbe9b55d5
-9223372036854775808	1	-1	biomes	e8d0c9999bd52b2d9a1ae05b764b11d4bf74b9b7bf593d73ecb15c38452951a7
-9223372036854775808	1	-1	scale	412c1f59d2be664b127ea0a2105ee8f5d95726088f3e750f69b48fccb1624f89
-9223372036854775808	1	-1	depth	d91749a0dda937ef752a6caf4438a5cb01ebb5f824ed89b2df4b46533a732fb1
-9223372036854775808	1	-1	selector	89969ed347cfb791ee2745775e3c7ba705dffc5cd3f50cfd51dfe493753992f3
-9223372036854775808	1	-1	min	1b0b165e4373437e7914accdbda8864536ed404a310ef8c921be9b55c635c1db
-9223372036854775808	1	-1	max	dee7b5e5a074a38e93699d669ef1851671087bafe9d23f96030548c0554bc676
-9223372036854775808	1	-1	density	e524a59a132de5a6d53646d8c341d30dcc97d45941605b9f39dac1da7fc1a831
-9223372036854775808	1	-1	treeCount	36ae8445ccc97d26cf3512e5ce9e0772f144d667739050b9e2eb1367f1706e0d
-9223372036854775808	1	-1	random	3400215af85baab2db46a32154fca0fb6ba8c6f720017558485aa1e08e23da5c
-9223372036854775808	1	-1	seedParsing	789b4f031bba371d0daff84da0d2fe18919282c7609b92178c593f2a2b351172
-9223372036854775808	1	-1	coordinateMapping	29866784e25b148428acfb6102b82bddb0d944780a3fb4a0fb459970a433f71b
-9223372036854775808	1	-1	raw	0b7265b9f9ed23b3910000353737315a6e828a36505f7fde632380bc07c7cf2f
-9223372036854775808	1	-1	sand	e67c29d66307c4be130a52f66c79d59e8ab06aca2894960140ac1bcfa8e19053
-9223372036854775808	1	-1	gravel	096acd1393dc10cd7f3cf12d7da76dff367b2c6e45e73fcbec0982a47c3898aa
-9223372036854775808	1	-1	stoneDepth	f60bc26157e83badfc5eb8151cd2a1d1ba30bcb0bbaca80732821b82ba385e8e
-9223372036854775808	1	-1	surface	0198d19bf900419b8c33ef74915e95bc03559118929883ca725f99586ad6d8d2
-9223372036854775808	1	-1	caves	0198d19bf900419b8c33ef74915e95bc03559118929883ca725f99586ad6d8d2
-9223372036854775808	-1	1	temperature	76fb57bb0d7412633a702523beb60415bd9e688808140206866aa65a3670ebbc
-9223372036854775808	-1	1	humidity	e8caa6a2d6f2d1ea45412369707b2d14370f28fb1fd6f80c1130f8b694d052b1
-9223372036854775808	-1	1	biomes	e0c1f4455783b6b2f152b526c2a73dab0f5c3812b6300ee12913371616f65034
-9223372036854775808	-1	1	scale	6a1e60ae0bc859b0a9c076317286af68cfc6c6e07876485d3efc9dc3285941fe
-9223372036854775808	-1	1	depth	6b1e129f4c0674c0bce70fb4da6b5872c9908580381794e421cc462d307b8dda
-9223372036854775808	-1	1	selector	79959973905ea3c1963ee32519301c3f54ba75127316af64041723422a8e7a4e
-9223372036854775808	-1	1	min	7a6a67b22f72b93c5961c91bf661356d5d34ea5fdaf0ef563b776b788e350cb2
-9223372036854775808	-1	1	max	5b40c5a073ba238db1b22dead009c193eaf3725fca498fcfeba9d16ffa95cc3b
-9223372036854775808	-1	1	density	8b6857af28774917e73d85871d3c474a1ac24c90d71897c841ba749d04fe62c0
-9223372036854775808	-1	1	treeCount	a7b7fa9168a3117db91d0ee2ca432513cad686083bcd7ae6552d2a9e733b28dd
-9223372036854775808	-1	1	random	3400215af85baab2db46a32154fca0fb6ba8c6f720017558485aa1e08e23da5c
-9223372036854775808	-1	1	seedParsing	789b4f031bba371d0daff84da0d2fe18919282c7609b92178c593f2a2b351172
-9223372036854775808	-1	1	coordinateMapping	b77d4c52724aeb8cef893190cdd6daec0dc241c60203ee33cf1416c3f07c7c75
-9223372036854775808	-1	1	raw	2dc883e9ea72c13a3f8c4fe143b98a0eb0b5bafe956deba9ed8775fb3fe8cca8
-9223372036854775808	-1	1	sand	7c43563a60399ec164d9013b79e0eb29c8df1aea78d28ef3ee46bcccd29ca719
-9223372036854775808	-1	1	gravel	af005504ed77cbbe932308b813257020765ad18217aa06440781a997ff85c809
-9223372036854775808	-1	1	stoneDepth	13e68f9d21b6802dd334fecbb48deec8b56aa140364d1098570ce58644d59f7c
-9223372036854775808	-1	1	surface	4216b1ab4eacb9dac27502f48290b3fc64be04b5038de75fa6c92c9467d299eb
-9223372036854775808	-1	1	caves	960054faf2544dca36ce37413c23aabc9f24ab04cd892a8f47f57d9a0977028c
-9223372036854775808	-3	-7	temperature	7a1bd276ca4b7da36e9f988da6d9109ea755f8f88303ff62ef3ea914ce5d880c
-9223372036854775808	-3	-7	humidity	85243637d8f598123cb35f58156e95d3b695e5d39da81af6e9dd3fc4790131c8
-9223372036854775808	-3	-7	biomes	e0c1f4455783b6b2f152b526c2a73dab0f5c3812b6300ee12913371616f65034
-9223372036854775808	-3	-7	scale	878654bbf13a6cdb391bb74e466e7cb25f68f06ccca77aab6b9eef4a87f20816
-9223372036854775808	-3	-7	depth	07c988394b6248ab8c2b61ebb819e16ba4ec717eef31d1c03b3998d4c723e3e5
-9223372036854775808	-3	-7	selector	4f58d2d00daf26f04a2630c95eefb9051f236cf6ce40b25adebd5d4b7ced692d
-9223372036854775808	-3	-7	min	a2f4c4d1b1c621f0abf5d2d95c00e02ea98e0c08f4a10a28c0c157f77f95c18d
-9223372036854775808	-3	-7	max	a126a04c482e7ec65365e870f4cc470cb4291d6c8330384acad99e3a6df81aad
-9223372036854775808	-3	-7	density	0e4da564b6440739b97881c5b0e7d378f65630f56d615527b6d65fab9fd662ae
-9223372036854775808	-3	-7	treeCount	27e3a045fa7c10dcf512726ee0dfdd71f0ddb2ced01c2ace275b569363821065
-9223372036854775808	-3	-7	random	3400215af85baab2db46a32154fca0fb6ba8c6f720017558485aa1e08e23da5c
-9223372036854775808	-3	-7	seedParsing	789b4f031bba371d0daff84da0d2fe18919282c7609b92178c593f2a2b351172
-9223372036854775808	-3	-7	coordinateMapping	55ac43e0fdf0990e7d86e91f18172101cc5719ae8ff3122a7e38010f6d173f99
-9223372036854775808	-3	-7	raw	e65a0ed77d9c2cf468ed4aaf4a27d1beaa7b014c152e459c7f8c1ba7e1332e93
-9223372036854775808	-3	-7	sand	af1abcc4283e654f8f358ce0f9634bc77d05a096bd7122b37713725e98e93241
-9223372036854775808	-3	-7	gravel	50ab3aad2d15939ff16ca7c37214738c2b27835bcce1ac50907af58489258c81
-9223372036854775808	-3	-7	stoneDepth	458c78b33b508bbaa3ce781a0105eddf08c3c636bccdc0a3c955f367b2ef4402
-9223372036854775808	-3	-7	surface	7c764f466e1a2f90b8bfd5adf6fbdd8e105d52752c040c4334ae6e867e86bff0
-9223372036854775808	-3	-7	caves	7c764f466e1a2f90b8bfd5adf6fbdd8e105d52752c040c4334ae6e867e86bff0
-9223372036854775808	17	29	temperature	9ba27e1bdec45bc92d3f232e4b34a4911d63907530a691d1e410c048a5324207
-9223372036854775808	17	29	humidity	363dc47e749d91bf0eab75f6f890e5928286cc1d5fd2f282469f1823ec022689
-9223372036854775808	17	29	biomes	f5c22e35d04167e37913e7963ce033b1f3d17a924a4e6fe5fc95af1224051921
-9223372036854775808	17	29	scale	9fb0fd96967e364f237b3e9c42a729fca70bd2228843fe9b6cd18f663a1a64a8
-9223372036854775808	17	29	depth	33434799132acd749406500646cd5232fc006fd7571ba2f24ad701c6d16b103c
-9223372036854775808	17	29	selector	863ce3b8d361e372146e85cdef90dec58eccbea2e5cec595dffe58b28dbdddb4
-9223372036854775808	17	29	min	d7c02b3e56c11bf4d31c8db7da324c2170c4e13115c361d20a49b2f01576dcb5
-9223372036854775808	17	29	max	6a3b09966f050c1eb5c37c38483bbd3bd0077ddd6c0eaa2c64f296a1f9a53fca
-9223372036854775808	17	29	density	c4b23d368b7a8498989f34f9fc6148b79892bb73121b246d97bf891174cd8b80
-9223372036854775808	17	29	treeCount	32e3dcb2c5af8d6cd94b6e66cbf57b54c4e0f7229479cdabab732a19d65eb3c5
-9223372036854775808	17	29	random	3400215af85baab2db46a32154fca0fb6ba8c6f720017558485aa1e08e23da5c
-9223372036854775808	17	29	seedParsing	789b4f031bba371d0daff84da0d2fe18919282c7609b92178c593f2a2b351172
-9223372036854775808	17	29	coordinateMapping	eb69ecfd8d41cac57b7f31dea04ab37db9cb8be9eeddd4225e14b4948b5731ef
-9223372036854775808	17	29	raw	bd1003f5c522ae199c10ba691a672b0e3f00a03b2d3f02b1fbc4acb427baada7
-9223372036854775808	17	29	sand	f3062bbe2f08728f75098e978a9e41fab6726083c98fe6db6d5c188e3a310168
-9223372036854775808	17	29	gravel	57f43fdaae814140aa1a112441c65d78a1c4c7d67c2568fe49a43525599c1aaa
-9223372036854775808	17	29	stoneDepth	f45317ad58fd067a40ea9d236ab6506ce4bd589303322106ba34bc57a06d24d8
-9223372036854775808	17	29	surface	a495f5c2ae570c6646bd81cd45fc9babb0a1ad3b0b6f4c3c281a55fbf9b18a1f
-9223372036854775808	17	29	caves	704115cb2eaae6f4a9991cabb62b79266910c9bc28afdb47dfcef1f1178f6cd6
-9223372036854775808	784426	0	temperature	7c3f627848719eedb1d8fc13a452eb78b270890976a4ff23b1c64648b8d516d3
-9223372036854775808	784426	0	humidity	72fa8fbaa2fae8d7db31ca2438ea75323aa0267a6338dfab933c4baa14d1256c
-9223372036854775808	784426	0	biomes	e0c1f4455783b6b2f152b526c2a73dab0f5c3812b6300ee12913371616f65034
-9223372036854775808	784426	0	scale	b9232159290dfa80c51e1d2ba08f43b165f97f83b2810a2c9c55425deee81200
-9223372036854775808	784426	0	depth	702ee0e500034187d250ddc042e428173b0d44621d5e8032c2556cbacfb14d90
-9223372036854775808	784426	0	selector	a94790e49fa053b21f35eb600700dc2d3343e278729cc9d7eb993d03528833a0
-9223372036854775808	784426	0	min	8a9e7203782c4beb1dedf631285bf0da18ba606f48179d1dfb5996900e52acd1
-9223372036854775808	784426	0	max	1fb62cc29c27ea22583d72b01ac34d7a0654fa4aeb9a697ed084351730752504
-9223372036854775808	784426	0	density	f54ca913f5135a7beeb95fd208033e379704ddddad684b1a460e2d86f65d695b
-9223372036854775808	784426	0	treeCount	38b5e51db34a4c656d40babebc8ea4dd1874e33b084a264df85fabce4a334684
-9223372036854775808	784426	0	random	3400215af85baab2db46a32154fca0fb6ba8c6f720017558485aa1e08e23da5c
-9223372036854775808	784426	0	seedParsing	789b4f031bba371d0daff84da0d2fe18919282c7609b92178c593f2a2b351172
-9223372036854775808	784426	0	coordinateMapping	92a4d7e5cf433906f0f3477b5b42cb71731b6127d939f76c66304e560f0d5198
-9223372036854775808	784426	0	raw	aa34fc40642fb478e83d5188072074d8ab0201b90b4827fecbeef124f329c14f
-9223372036854775808	784426	0	sand	248e810017cc0219226a6d536673220da7e48cb660f5794a9c878c8df9c73dc2
-9223372036854775808	784426	0	gravel	610a21719d28ef26046dc1d42845e39ecf74b7bdb294f612796dac239fa22096
-9223372036854775808	784426	0	stoneDepth	7d27166c581bbf5cf6b7865fa2471b2513e6c6ca9822e0043bebf82ecd42917e
-9223372036854775808	784426	0	surface	a326399e06f1cadd14c09f66c7e4b59340ba505feafe89f1657838ebdb499a5a
-9223372036854775808	784426	0	caves	6cf2b082b6f47d6b22270cc5a8ddf6f98e37e5edb373d661fae9d3527c606862
-9223372036854775808	-784426	0	temperature	4af3a77cdacdb1d84fd61ede82535ab3a39924a6a97f3985ffff2e5abefe3eac
-9223372036854775808	-784426	0	humidity	d787ae668b7db0062e368418d81daa0067e7c96ab9d8149d420191cb41010ad7
-9223372036854775808	-784426	0	biomes	98a78051865776937de080caa6bedab036b4578b26a5ced17a6277e0749f4d9f
-9223372036854775808	-784426	0	scale	1959657309d9898e9b201e8dc5e761b27d40358cc395eb1a45ffc412928df75a
-9223372036854775808	-784426	0	depth	985562b5ddc3d290de21e3c0cae9e64de2ad64b7cdc80ed0ccac93a7b25982b1
-9223372036854775808	-784426	0	selector	10bdbf68eab759b59a14f4cf99a1752c71bf5a4713745e992d5392bf5d3480b4
-9223372036854775808	-784426	0	min	59377ecb2df5aae753ab33e210b6a418dc0853e9f68c5f49fa1c89df66d0d40a
-9223372036854775808	-784426	0	max	0a4c03a3d8f91cbad8aaf22a2b91237ebdcd03ddb388f20100e845ef30439cff
-9223372036854775808	-784426	0	density	126bc5b8e32656f9fda2a664f847cca1b893ba10b08b7aee1b8eabd112b04ae0
-9223372036854775808	-784426	0	treeCount	6a67ca94497172bec17695a8828bd60cbb18f50c3019e1c0461676f2dd6e9220
-9223372036854775808	-784426	0	random	3400215af85baab2db46a32154fca0fb6ba8c6f720017558485aa1e08e23da5c
-9223372036854775808	-784426	0	seedParsing	789b4f031bba371d0daff84da0d2fe18919282c7609b92178c593f2a2b351172
-9223372036854775808	-784426	0	coordinateMapping	0250691fd9bb78c6eca21ee7d3e56faa072e8ab273aee215b0fe0cb1da80cfd2
-9223372036854775808	-784426	0	raw	3048ac0bce71ed40ada65597aef829587405acb465ae12e232cb51edeb9911c0
-9223372036854775808	-784426	0	sand	a1c7e90a36da6412af3470a15ee9c30c3da22316a3aa68d584b611bc3c73c72a
-9223372036854775808	-784426	0	gravel	3af2b3da6778595258a8cb02d0fce609e171b7ecfaabec559c1b8bdca4fa7bbb
-9223372036854775808	-784426	0	stoneDepth	c7bf35391f683b7299223db4833b91b073a135954d23ed9bbcc187c362c3eb97
-9223372036854775808	-784426	0	surface	9e8361644ee95cad565dbe67ab270095665b2e494b5e50becc99983670b2a20d
-9223372036854775808	-784426	0	caves	cc4a706a7720c8fcb60a24e4d1fea335565d7fa87caafe65ef6530a0986dbd35
9223372036854775807	0	0	temperature	1a53997f86134b3c15ba8253946aa02f7bc94ddb483426a294e35a9fff73ae3d
9223372036854775807	0	0	humidity	5f5f24bb5b6ac7ab498f7c6cf1b54a22f49e225272b2194dd31ad474b585d5a1
9223372036854775807	0	0	biomes	5edc33390fbd89303c866cd56843ecc0d9c151e3804b15cf278fc7374c57a33f
9223372036854775807	0	0	scale	712925c8d08acb9eb70ff99e7ad6a51630aeacac87ba6a75393dcfae083a10f5
9223372036854775807	0	0	depth	deefe95ad6b18b63fff39412bd145643b3f02623fdb00529f24b249da74c648d
9223372036854775807	0	0	selector	b18c5f0e1715e01b8b0cad356ffefde95cb56eedd96e25bdd5eb899e8c5f3766
9223372036854775807	0	0	min	2fc1fa42e5f0824fd9fc39b9a130f20fb26cf67148c4ab2f345991c07f5c6ab8
9223372036854775807	0	0	max	ff95add815050e32a3c9167f87dc3ece307fef91e78e3c7db0c9223ab61772cf
9223372036854775807	0	0	density	59df4e5181b92617a0753c5ddaa2b72abe27d3c76fe1a6a1879856acc4c96da4
9223372036854775807	0	0	treeCount	9d0a980abc845cfc46702c763e70bba838d8cee668c6d8d592dd38c0926de0d8
9223372036854775807	0	0	random	2bea129cdff38f3f5a3efea2b4cfba786646867355e4f82dbb62f883823ef08d
9223372036854775807	0	0	seedParsing	789b4f031bba371d0daff84da0d2fe18919282c7609b92178c593f2a2b351172
9223372036854775807	0	0	coordinateMapping	23ff23c4a3a736d2c33ae3c0655e8328ddf6c0880e8443e16e4868e411d90127
9223372036854775807	0	0	raw	77b52ec1fd2824da1494abb99bd257b46cc0ae3c77a9c43c27678683a4510d1b
9223372036854775807	0	0	sand	442b2e3da5edd9670d4fb59d01144bcc52a0bd3eb769f65ce14e9a0aa1a4ecb4
9223372036854775807	0	0	gravel	22a078f46918392033c814f3b838cb9a9a9a4420a070768be4e1184aa041e395
9223372036854775807	0	0	stoneDepth	510a581a4c1639da2ed155ee9e762e128d84152131a9e476c7deb397b665dabe
9223372036854775807	0	0	surface	53fd4182a553502b60f7d7bc43fac8ccddb0056d30f16dc983a7f54c6ece1154
9223372036854775807	0	0	caves	0aac18dc8abe8594439b55041da2d0db87ab49a0742e08835a17d1cec4254099
9223372036854775807	1	-1	temperature	5cae1468299c8adbfbb1a2617c16210d3fbb05fa303f1e448c8bf98a6ef94c08
9223372036854775807	1	-1	humidity	8fa9048d150c401b17396135795dcf3d4d9811042e309c3c5aec22dafdeca8f1
9223372036854775807	1	-1	biomes	58c8deda4e0a2232f4681ae3133e01d4fe80f7e37428b83ebab425a9befb3a40
9223372036854775807	1	-1	scale	5039b15fefa832047d70a2cf8d644cf2d601a67ee127e91fd3d52437d2151d7f
9223372036854775807	1	-1	depth	66d3f45c86505decc0bfe0f7af9e45c1b357378db2cf3790472c14cf775d2f4b
9223372036854775807	1	-1	selector	8a651056bf2785a1e49added4da40bb9c5de3d7e02e80b09a9c110d0bdc07649
9223372036854775807	1	-1	min	beab75c77c447c97768fb83e60fa9881ddcad1d0a743841b42a136ffcc3b2aa9
9223372036854775807	1	-1	max	ccd1c140121515f8c060c88431cdab5813d6093521f1b9a5f973b59f4ee75c90
9223372036854775807	1	-1	density	37361484e5c1b70c5977316ebad49496b518fc187186a39675b1c1df1c00d931
9223372036854775807	1	-1	treeCount	7145e7f80cf2bac274005bea262311d2867dc356a160b40163121853c2e37af3
9223372036854775807	1	-1	random	2bea129cdff38f3f5a3efea2b4cfba786646867355e4f82dbb62f883823ef08d
9223372036854775807	1	-1	seedParsing	789b4f031bba371d0daff84da0d2fe18919282c7609b92178c593f2a2b351172
9223372036854775807	1	-1	coordinateMapping	29866784e25b148428acfb6102b82bddb0d944780a3fb4a0fb459970a433f71b
9223372036854775807	1	-1	raw	d4f02d343284f74ab8719d301eebdca6e5193967ca8b0b18e8e7ea0e2a8a40a9
9223372036854775807	1	-1	sand	fe7ee37e1f189d4ee2a702f86f87ac0d9e4619a311aa00deb886ed5215f709d6
9223372036854775807	1	-1	gravel	81e2e8f170b59b98f1d4a70c42866ba527866f0e68131b1f6457f8cb9b301bad
9223372036854775807	1	-1	stoneDepth	70e6d68f581a34dbea90362e6c40ce06fa94545592ff411f61cbd74371d70b68
9223372036854775807	1	-1	surface	b223769ba4ef492f95118efff0be90a40f90a43318199e56122e1a21475182a2
9223372036854775807	1	-1	caves	72aeb15b49a0253509c352ea30c0b05ea9469361550b47ab02310834268a4d6c
9223372036854775807	-1	1	temperature	56aebdbd45a58186c3625d72d9d1f6c82e2c3ea6b2d656bf404f29d333fe1eea
9223372036854775807	-1	1	humidity	92662ebcf91f07dba579190d41b4449e35bf91bbfb7ba3717974b0a901f88701
9223372036854775807	-1	1	biomes	8c6fe9bdeb122699e4e901d6c78d07dafb74a949c7c8fd18b7b02f2b6853a356
9223372036854775807	-1	1	scale	c6cd8e87626bfd77be34e1b06c01073031e5d20512e3dfc845f9efe4ab6b904c
9223372036854775807	-1	1	depth	9e40d53baf0de3141856a951e07e2712eb59c5dfd9029e0ddcbce72ec2d712c9
9223372036854775807	-1	1	selector	ed7c15723bcfd487725506a2502fa5d65c0832a648e82e8a20e3e5d4f7ebdaa3
9223372036854775807	-1	1	min	cf4ea45d2f270a12cc56d5363f4def8e96aac50b820ae6ff2e1fdcb8d8545432
9223372036854775807	-1	1	max	cea7ed47a4e44ed73dbfa65b3320bbdf2912c421907a6a3966c424778c87f00d
9223372036854775807	-1	1	density	85aa9651c6f657fa9634c4c2ce473ff1a4d792d17ce777ec1192b71ac6f0d415
9223372036854775807	-1	1	treeCount	3c0f71cc956aa5d0229a5c74fd730be9c47060ca9946b1a8023048ed01623202
9223372036854775807	-1	1	random	2bea129cdff38f3f5a3efea2b4cfba786646867355e4f82dbb62f883823ef08d
9223372036854775807	-1	1	seedParsing	789b4f031bba371d0daff84da0d2fe18919282c7609b92178c593f2a2b351172
9223372036854775807	-1	1	coordinateMapping	b77d4c52724aeb8cef893190cdd6daec0dc241c60203ee33cf1416c3f07c7c75
9223372036854775807	-1	1	raw	3153fbe2d08ae67e6d3f98888b59403abc22982c9099a3373eef1f3e7c89d0ea
9223372036854775807	-1	1	sand	3a2a0be52e16411e8e54c1fb5fc9c239bbeb69d6529db97e96057f585c5f36e3
9223372036854775807	-1	1	gravel	74cda0add9d185acc9b129deda128cc0134ee4c288f0da6ce7308f04a81c93ca
9223372036854775807	-1	1	stoneDepth	8959511e6e099af84ca985fdadbb45335b6a131639382ad73bd210b52c34ad04
9223372036854775807	-1	1	surface	260dfbf98d4bbe918ec308d3940414e34267bba166ab1430aeac9dff5231cab3
9223372036854775807	-1	1	caves	0156356345111c73e6227f4c08bfa04329c12a275c8d21c0fdf469ad7e721f5b
9223372036854775807	-3	-7	temperature	4e2b18179573531f8f02a1aec1d0c7e79649fe2523a91e8e4b9356731a824957
9223372036854775807	-3	-7	humidity	488472b3e1be2afbc9c65d4955552b21bf1a39c11939075406039c9f8754b14e
9223372036854775807	-3	-7	biomes	65824fd9de641c41790500b8d8b6f833ccc6f9ac52edcd19c88c8b8c50cfc4d0
9223372036854775807	-3	-7	scale	798b31c8109436b375317df95c0469c7d0792454d9474d9103df5df37e5021a4
9223372036854775807	-3	-7	depth	ab1b137adcffb33125f470eeddb0d88438c2412854ff7dde1aebf880b2927559
9223372036854775807	-3	-7	selector	821789df72f1e7e22edd274927a1236f2c0a355e351c03f57f754556bf5f19a3
9223372036854775807	-3	-7	min	d3047301f1cb8f3240ab01d8c0c9a2f7e9733d3c232c5e950272ac0ac3e4e6c9
9223372036854775807	-3	-7	max	eee3afd9568b24e43cf299e7cc397a6fa4a1126e93df19a92e115648d8382ffa
9223372036854775807	-3	-7	density	d599d49a9043ae5ada17324c2175cda7a67c8a9455ad785a91ec89e3f38c052f
9223372036854775807	-3	-7	treeCount	8eb789be9f9cf0dcc2e59daf94b53d8a1768fdc1875fc0102b896cc896a29ad4
9223372036854775807	-3	-7	random	2bea129cdff38f3f5a3efea2b4cfba786646867355e4f82dbb62f883823ef08d
9223372036854775807	-3	-7	seedParsing	789b4f031bba371d0daff84da0d2fe18919282c7609b92178c593f2a2b351172
9223372036854775807	-3	-7	coordinateMapping	55ac43e0fdf0990e7d86e91f18172101cc5719ae8ff3122a7e38010f6d173f99
9223372036854775807	-3	-7	raw	179a560550571251401b494aed74599359bb83798d3f32ec29e2399f9cc0781a
9223372036854775807	-3	-7	sand	d3d513e845803cf1b1950f226ad274adab50965bb47a643178df8c12864cb3a7
9223372036854775807	-3	-7	gravel	8e092d3a3688611170f791d54bdb485746de0128bee9afe2de0b56d8cd57d02c
9223372036854775807	-3	-7	stoneDepth	66f679bb32b582216daffb8de8c1bcf822445041677bbe58ea27145d662e61ac
9223372036854775807	-3	-7	surface	18951d92602e70cf53feb3ad932e5f83308a5a95fad109b2565f263098f54c55
9223372036854775807	-3	-7	caves	cb9a94b33a9acb5bdb7d493b93f4a3fbe6a3d0655e059b02b2d4744e8fe62ecc
9223372036854775807	17	29	temperature	e604bfa1628f5c98171630ceba2101a2fa556af10a152a9e06b0ef070710e25b
9223372036854775807	17	29	humidity	2673356aebd03b3ede31a3803f12944f7525f1c485ff2c01c62b6552d6a08f92
9223372036854775807	17	29	biomes	59a6588c352d2f8d85bb386dfaa08006a1cad0faeed8fe68357fa51596a022c1
9223372036854775807	17	29	scale	d9731ec974e7e147c50cbdd61580b7d281c2f7fc54c45120a34413793999bf5d
9223372036854775807	17	29	depth	e65734fa63910334b545dcfca8983ac762c02a530d6e7f0408a422b4b893b587
9223372036854775807	17	29	selector	fa97d818e04a37d758f301efeffb535c7fc7463a13a0be153e758a3724d8d7ee
9223372036854775807	17	29	min	a07ee317e471eed4d6aabb5597168c21820d42c082b365d1f5509585d08a2e8a
9223372036854775807	17	29	max	c04baac9f0c0385c610244b57d4050864d50f5d3911cc6f199f84cc94ba37b9b
9223372036854775807	17	29	density	68a038148ffdba4842a5877c815f867817c94bac1bdc40f2d37b4f32a4a0c584
9223372036854775807	17	29	treeCount	e5838c70f0ddad37be09c6767617fd489ac7f2649aa26e51694ba1fe93ab47e8
9223372036854775807	17	29	random	2bea129cdff38f3f5a3efea2b4cfba786646867355e4f82dbb62f883823ef08d
9223372036854775807	17	29	seedParsing	789b4f031bba371d0daff84da0d2fe18919282c7609b92178c593f2a2b351172
9223372036854775807	17	29	coordinateMapping	eb69ecfd8d41cac57b7f31dea04ab37db9cb8be9eeddd4225e14b4948b5731ef
9223372036854775807	17	29	raw	24eeaf9ff8755a1b6053d5e5902d518f95efb8c405966380b4046e009b865a97
9223372036854775807	17	29	sand	9c24cac1470aaffca95d41eb43eb891ea2d21d1b4c873d914d578241efbffb30
9223372036854775807	17	29	gravel	199c7f6d3e0a30807eafe14161a4bf084e5df525fa99fd2b5ac0ccfcb9f90368
9223372036854775807	17	29	stoneDepth	abf53e46f31eb1f85364791e01054f0d5fb8fba8ad8cd9944f404433d170745a
9223372036854775807	17	29	surface	d433d2d9a355092f9c548d0be9c1c50577bee7580b6fa898efd7b43b7946c3f4
9223372036854775807	17	29	caves	0aa401020bd394ef6f6cc392c5f19f07268bbcdd2a77ed689c8e683484f32300
9223372036854775807	784426	0	temperature	28ee6d4fe59d81d9f0d02b731c6b4ab439305ecf99affb2ac1f3a2a6a9eb8408
9223372036854775807	784426	0	humidity	c65c03c6b2d9a0b17ab423394785fcf34d7bdef6470be4a4d8c7bd9e3b970548
9223372036854775807	784426	0	biomes	61b6138ea70321cf1c7b7134441bf7f6c4fe5e024e27885e660d37012eb67bb7
9223372036854775807	784426	0	scale	d70df5f8ffe190bed826b6a2c012d42cfc64c7279b3de20137b6647375bc14c2
9223372036854775807	784426	0	depth	310b2cb077014fe90059926ab4cf64d7b113b0888c7a4983393b777d1b14e318
9223372036854775807	784426	0	selector	18f03951f785a5dbbb7de0f813bd439d4fa09961a3cabe4b7b6f61f1ad4503e5
9223372036854775807	784426	0	min	3fec612edf0868f89a0a87c3c380646ecd6f8fee6941d4a4abf433f1040af13b
9223372036854775807	784426	0	max	06750948d9f7d7c16bd00e96866e687d6d5a0a0299b64fad69e834079006c812
9223372036854775807	784426	0	density	bb54f133eafbfd36cefd1962ba60090f3091ce86718dade88046e097df818d68
9223372036854775807	784426	0	treeCount	92cdcb48d8becb981f581604c9f8e7ec377fb059edc79f1cdef9c17110c285c6
9223372036854775807	784426	0	random	2bea129cdff38f3f5a3efea2b4cfba786646867355e4f82dbb62f883823ef08d
9223372036854775807	784426	0	seedParsing	789b4f031bba371d0daff84da0d2fe18919282c7609b92178c593f2a2b351172
9223372036854775807	784426	0	coordinateMapping	92a4d7e5cf433906f0f3477b5b42cb71731b6127d939f76c66304e560f0d5198
9223372036854775807	784426	0	raw	740d02f44dddec16de12096dced1e432cc75825e5a38005c2f33cdc2aaae8afe
9223372036854775807	784426	0	sand	f6608791b9f827fc2fd06d293c7a7d1bb43899ef1be448c6fbd3b6ddef55c148
9223372036854775807	784426	0	gravel	4d195b6513e4fbe4254ca586a7a6b3bb9a960c1b0726e894d965fb1609ae1e0c
9223372036854775807	784426	0	stoneDepth	14e15267c0ccef6b1fc2f351e585a40156447f9e551a1fed70b8496d3ec6ce07
9223372036854775807	784426	0	surface	11ce59fe578263c4abadbf3b3e67f50d37954569247dd80132a327dbb7ea4af4
9223372036854775807	784426	0	caves	8e7d79d283e5da36ce124527dc7388d22a88ddc32c8ded01a1cbdb105a9e91a3
9223372036854775807	-784426	0	temperature	bd4836ff4f4464af120fe6181c8ef14cfeb81db6d2eb7b9792a8b2d680618804
9223372036854775807	-784426	0	humidity	8fe5a21881e55a432d623152032f675b6b72d1179ccc859c8dba047fbd2dcd48
9223372036854775807	-784426	0	biomes	98a78051865776937de080caa6bedab036b4578b26a5ced17a6277e0749f4d9f
9223372036854775807	-784426	0	scale	4dbd0255e8159298485c15c55b1cb0b7a997815f633cf0872f574f32d984b787
9223372036854775807	-784426	0	depth	41ccd15f3642f6433738a951f815a40144c46c13c990725789cbeef77d980ad0
9223372036854775807	-784426	0	selector	fffc3edd7579534dfde4770aed705f9c7ae5caa15bff1f7635b1d8cf56600ac2
9223372036854775807	-784426	0	min	b864e4c81c46b9dd7092ce64e8a84fde11c9b635b651feb867665ec5f4bd6a9b
9223372036854775807	-784426	0	max	96f295d4296af12b744aa1938530c7f0c879fcdee88e04590a15d1debed792ab
9223372036854775807	-784426	0	density	ff34b485e873bd539be0bc89b0795965cfc5081e023665b17685dac081970bc3
9223372036854775807	-784426	0	treeCount	09f240c8c578e39ed22dd4120e233c2bc86582444d5c6f419f9f9cdc128e3df1
9223372036854775807	-784426	0	random	2bea129cdff38f3f5a3efea2b4cfba786646867355e4f82dbb62f883823ef08d
9223372036854775807	-784426	0	seedParsing	789b4f031bba371d0daff84da0d2fe18919282c7609b92178c593f2a2b351172
9223372036854775807	-784426	0	coordinateMapping	0250691fd9bb78c6eca21ee7d3e56faa072e8ab273aee215b0fe0cb1da80cfd2
9223372036854775807	-784426	0	raw	cfab2a530d25a5e0f6279bd7cf110778e16d9d9d6a963a9b995a04f8d8374494
9223372036854775807	-784426	0	sand	f97b69f1d5bb1bbbbe48de35b788ae93481dab34fcc60e8f54caafe0918e9a11
9223372036854775807	-784426	0	gravel	6613bcbe4746340c5fd11c6cfa13985fb18984e8f0e27e9211e97c24d02297ea
9223372036854775807	-784426	0	stoneDepth	8dd33be52bcd35d9d8978105930cf7e837dc10fe23560656b121df6256d1be17
9223372036854775807	-784426	0	surface	5ad2f41b339fcc07bcc7032cd7368cd43adf42830c892fe6677598abb7b2f3ca
9223372036854775807	-784426	0	caves	980e8c3a1aeda7d49e69256243b32a55e0d4dd03c043d77658da0f1826af4f08
